Date,Symbol,Open,High,Low,Close,Volume
02-01-14,SET,1291.93,1292.77,1230.77,1230.77,6318134240
03-01-14,SET,1215.86,1234.52,1208.6,1224.62,5265556020
06-01-14,SET,1222.69,1231.62,1205.44,1230.84,4860342360
07-01-14,SET,1236.41,1262.44,1235.51,1262.36,5068248590
08-01-14,SET,1261.69,1273.62,1253.6,1257.73,4690267310
09-01-14,SET,1264.03,1277.5,1255.11,1258.26,4767159230
10-01-14,SET,1247.27,1259.5,1240.38,1255.45,4277627130
13-01-14,SET,1244.21,1283.76,1244.14,1283.56,4337186140
14-01-14,SET,1276.39,1300.65,1274.33,1295.87,5927237440
15-01-14,SET,1293.39,1297.76,1275.78,1277.03,5163730190
16-01-14,SET,1281.26,1304.89,1280.09,1301.48,6483549310
17-01-14,SET,1305.07,1306.82,1287.2,1295.41,6878829280
20-01-14,SET,1290.95,1297.93,1287.84,1289.99,4899987130
21-01-14,SET,1294.68,1304.28,1285.17,1293.1,4894388750
22-01-14,SET,1282.2,1296.03,1280.09,1290.49,4320354480
23-01-14,SET,1292.72,1312.18,1288.71,1308.34,4576679190
24-01-14,SET,1314.54,1320.65,1307.16,1314.63,4628780000
27-01-14,SET,1296.47,1298.06,1287.35,1288.59,3991487210
28-01-14,SET,1286.73,1287.81,1268.07,1271.79,4504198240
29-01-14,SET,1274.65,1279.32,1267.82,1271.42,3433527980
30-01-14,SET,1263.85,1267.98,1258.05,1264.07,3494372640
31-01-14,SET,1267.83,1274.5,1266.78,1274.28,2575183730
03-02-14,SET,1282.3,1295.13,1280.9,1292.81,3880458960
04-02-14,SET,1281.34,1283.18,1273.94,1276.84,3283549810
05-02-14,SET,1283.22,1287.05,1272.04,1280.25,5541697400
06-02-14,SET,1289.35,1295.38,1285.39,1295.24,4715118190
07-02-14,SET,1302.84,1306.12,1295.29,1296.49,7287413310
10-02-14,SET,1301.41,1303.44,1288.26,1290.66,4227390500
11-02-14,SET,1293.07,1299.85,1288.36,1296.25,3951026120
12-02-14,SET,1299.37,1314.07,1298.54,1314.06,5580872870
13-02-14,SET,1314.27,1317.08,1308.4,1311.87,5895717390
17-02-14,SET,1319.36,1333.3,1316.87,1332.37,5141256280
18-02-14,SET,1328.45,1330.03,1315.22,1326.21,7232219580
19-02-14,SET,1331.45,1332.55,1318.55,1321,8797993640
20-02-14,SET,1314.36,1317.23,1300.91,1303.98,8755497110
21-02-14,SET,1304.7,1309.63,1295.74,1304.21,5894680220
24-02-14,SET,1298.61,1304.66,1294.27,1301.38,5600903680
25-02-14,SET,1304.66,1312.73,1299.7,1303.88,7855851760
26-02-14,SET,1304.35,1309.34,1302.64,1304.62,4611489370
27-02-14,SET,1306.52,1321.02,1305.69,1318.05,4982905290
28-02-14,SET,1318.26,1326.64,1314.27,1325.33,6535638320
03-03-14,SET,1330.73,1346.71,1330.53,1339.21,6062243360
04-03-14,SET,1344.4,1350.44,1343.56,1345.82,5813670120
05-03-14,SET,1354.64,1357.39,1343.54,1351.64,7221116750
06-03-14,SET,1352.18,1354.08,1348.22,1352.21,7291706090
07-03-14,SET,1355,1358,1351.07,1355.08,5450165310
10-03-14,SET,1354.21,1355.9,1338.48,1349.05,5919805970
11-03-14,SET,1352.62,1366.06,1351.84,1364.28,7820688520
12-03-14,SET,1359.63,1364.92,1356.41,1356.42,5342090410
13-03-14,SET,1361.69,1370.73,1361.24,1370.5,6238327690
14-03-14,SET,1364.17,1372.18,1360.51,1372.18,8339925810
17-03-14,SET,1373.79,1377.29,1366.75,1377.1,5896724030
18-03-14,SET,1379.94,1381.21,1372.63,1373.08,7461397160
19-03-14,SET,1375.9,1381.12,1360.26,1364.27,7049224700
20-03-14,SET,1357.62,1361.47,1351.36,1361.47,5036652590
21-03-14,SET,1362.69,1364.15,1353.38,1360.5,4406523480
24-03-14,SET,1359.65,1360.29,1348.24,1349.9,4669789410
25-03-14,SET,1351.14,1354.3,1341.6,1354.01,4629688520
26-03-14,SET,1357.99,1363.27,1356.42,1360.44,3568277810
27-03-14,SET,1361.91,1365.82,1354.69,1355.95,5398997590
28-03-14,SET,1356.77,1377.88,1355.97,1368.9,4078482860
31-03-14,SET,1373.54,1378.39,1371.35,1376.26,3337960270
01-04-14,SET,1377.99,1387.58,1374.95,1387.48,3686156580
02-04-14,SET,1390.37,1397.48,1385.28,1396.62,5141099180
03-04-14,SET,1395.33,1398.73,1387.95,1391.22,5286034270
04-04-14,SET,1392.19,1397.46,1388.64,1392.01,4487696690
08-04-14,SET,1392.7,1399.07,1378.97,1379.34,4186455350
09-04-14,SET,1384.06,1389.57,1380.55,1382.02,4081049680
10-04-14,SET,1384.88,1389.78,1380.19,1389.56,4146844050
11-04-14,SET,1384.14,1389.47,1381.07,1389.16,3030469030
16-04-14,SET,1390.19,1401.84,1389.56,1401.84,3657296760
17-04-14,SET,1401.34,1411.51,1401.02,1408.78,5574325250
18-04-14,SET,1411.14,1414.97,1407.89,1409.18,5553237680
21-04-14,SET,1410.05,1416.79,1406.64,1413.07,5344920630
22-04-14,SET,1417.28,1419.41,1408.87,1415.05,4855951430
23-04-14,SET,1418.57,1424.99,1417.83,1423.39,5639717920
24-04-14,SET,1424.8,1426.53,1419.4,1422.67,7354546200
25-04-14,SET,1419.63,1423.27,1408.16,1408.16,7680869490
28-04-14,SET,1409.56,1417.02,1409.19,1411.23,7829998170
29-04-14,SET,1409.02,1414.15,1405.04,1412.33,5618670310
30-04-14,SET,1413.74,1419.38,1412.64,1414.94,8157209780
02-05-14,SET,1416.3,1421.95,1415.56,1421.48,4794511830
06-05-14,SET,1423.91,1426.52,1403.95,1404.01,5771077360
07-05-14,SET,1391.51,1403.55,1388.29,1402.61,5294091430
08-05-14,SET,1399.45,1401.13,1377.51,1379.02,5690911930
09-05-14,SET,1376.4,1385.18,1371.62,1377.37,4269708140
12-05-14,SET,1375.88,1379.27,1369.63,1375.14,4210652630
14-05-14,SET,1380.8,1396.04,1380.74,1396.03,6471607660
15-05-14,SET,1394.74,1396.84,1387.86,1395.21,5646227060
16-05-14,SET,1390.87,1409.11,1389.05,1405.26,5329690850
19-05-14,SET,1405.42,1410.73,1404.13,1410.63,4126750770
20-05-14,SET,1394.58,1400.63,1387.62,1394.69,9084361790
21-05-14,SET,1394.28,1406.34,1393.26,1402.92,6315746380
22-05-14,SET,1412.84,1415.36,1401.73,1405.21,7667336940
23-05-14,SET,1377.23,1397.29,1375.41,1396.84,8935853380
26-05-14,SET,1398.04,1398.44,1381.01,1388.29,8275540230
27-05-14,SET,1391.99,1395.76,1385.79,1392.73,7628666970
28-05-14,SET,1399.9,1409.73,1398.76,1402.79,8479968110
29-05-14,SET,1404.92,1413.25,1404.43,1408.51,7028611900
30-05-14,SET,1412.51,1419.96,1411.71,1415.73,8689106560
02-06-14,SET,1424.81,1441.92,1423.57,1440.94,10009385960
03-06-14,SET,1455.33,1458.02,1445.37,1454.24,10034442860
04-06-14,SET,1456.06,1458.03,1447.65,1449.4,9526270890
05-06-14,SET,1454.11,1455.08,1444.98,1453.16,10808696240
06-06-14,SET,1461.8,1463.06,1455.49,1458.02,8037122460
09-06-14,SET,1464.71,1466.15,1454.05,1457.3,7105949210
10-06-14,SET,1454.4,1469.48,1450.95,1469.19,12160366030
11-06-14,SET,1470.04,1470.85,1456.74,1463.71,13824111860
12-06-14,SET,1461.3,1466.38,1457.02,1457.02,11887913850
13-06-14,SET,1456.6,1463.49,1453.91,1456.02,11386018990
16-06-14,SET,1460.29,1474.51,1460.21,1471.85,7737161890
17-06-14,SET,1475.87,1477.53,1468.8,1471.02,9539564570
18-06-14,SET,1471.86,1473.19,1450.16,1451.36,8535875090
19-06-14,SET,1455.89,1462.91,1447.2,1461.91,8854975990
20-06-14,SET,1464.86,1468.46,1460.48,1467.29,10556525650
23-06-14,SET,1471.91,1474.46,1466.19,1468.7,14391995220
24-06-14,SET,1466.69,1467.1,1453.09,1460.92,10984444690
25-06-14,SET,1462.55,1469.48,1459.89,1468.49,8065334300
26-06-14,SET,1472.5,1478.51,1471.69,1477.48,7453328830
27-06-14,SET,1480.75,1489.72,1473.1,1483.24,7971630740
30-06-14,SET,1488.92,1493.14,1484.62,1485.75,8125320220
02-07-14,SET,1492.05,1494.54,1487,1491.81,9734445810
03-07-14,SET,1492.87,1495.98,1488.27,1493.21,12956575320
04-07-14,SET,1498.28,1504.91,1495.65,1495.83,12300724630
07-07-14,SET,1500.87,1507.02,1498.83,1503.21,8502217550
08-07-14,SET,1506.01,1513.12,1505.63,1507.58,7859634260
09-07-14,SET,1505.6,1511.85,1504.08,1507.92,10556746040
10-07-14,SET,1513.25,1518.92,1512.32,1518.01,12662433970
14-07-14,SET,1524.98,1531.63,1523.05,1529.23,8337620360
15-07-14,SET,1533.29,1534.4,1521.79,1524.53,11640874660
16-07-14,SET,1527.13,1534.95,1525.68,1530.42,10753858920
17-07-14,SET,1529.11,1535.72,1526.37,1535.66,13111892010
18-07-14,SET,1532.52,1538.53,1523.53,1533.41,15768961500
21-07-14,SET,1536.73,1542.88,1534.1,1538.55,30376327500
22-07-14,SET,1543.56,1545.29,1516.93,1520.81,31058013390
23-07-14,SET,1527.35,1541.76,1526.45,1541.56,25377977730
24-07-14,SET,1545.54,1546.04,1538.48,1543.92,15388910070
25-07-14,SET,1545.59,1548.16,1538.33,1543.85,10911939110
28-07-14,SET,1545.52,1546.59,1532.36,1538.13,9817172620
29-07-14,SET,1541.27,1546.72,1518.75,1520.55,13357364740
30-07-14,SET,1521.33,1529.04,1500.05,1518.79,16514929880
31-07-14,SET,1513.92,1525.34,1501.36,1502.39,10084112290
01-08-14,SET,1488.5,1501.76,1487.4,1500.2,8819835850
04-08-14,SET,1504.35,1520.48,1501.61,1519.38,9257238830
05-08-14,SET,1522.87,1532.17,1520.65,1528.98,9499169230
06-08-14,SET,1527.11,1532.3,1521.92,1522.41,9470923250
07-08-14,SET,1525.06,1526.33,1514.53,1522.27,8839810060
08-08-14,SET,1512.82,1520.98,1510.05,1520.31,8233785780
13-08-14,SET,1530.96,1546.32,1529.72,1544.55,10767268650
14-08-14,SET,1550.83,1552.66,1538.67,1541.97,11435233920
15-08-14,SET,1543.42,1550.65,1536.75,1546.62,9932857510
18-08-14,SET,1548.42,1550.72,1539.57,1542.36,12336955040
19-08-14,SET,1550.55,1551.52,1542.73,1542.85,12580329540
20-08-14,SET,1546.57,1552.52,1546.42,1550.77,11011078730
21-08-14,SET,1550.26,1555.71,1549.16,1551.41,15097849650
22-08-14,SET,1556.4,1559.21,1555.01,1556.97,13839067990
25-08-14,SET,1561.4,1567.24,1558.19,1563.13,10290207710
26-08-14,SET,1565.48,1567.68,1559.16,1560.17,10164353770
27-08-14,SET,1564.41,1570.86,1559.3,1564.58,8423838740
28-08-14,SET,1566.73,1567.88,1551.2,1559.05,8026137140
29-08-14,SET,1554.9,1565.14,1553.83,1561.63,9920179520
01-09-14,SET,1568.38,1571.74,1565.08,1565.35,8403622980
02-09-14,SET,1568.71,1572.32,1565.36,1568.6,11910528280
03-09-14,SET,1574.19,1584.7,1572.43,1583.27,12866604060
04-09-14,SET,1585.6,1586.93,1576.8,1579.73,10258215910
05-09-14,SET,1583.47,1585.96,1578.39,1584.32,9449001830
08-09-14,SET,1589.39,1591.6,1584.77,1584.77,13168148600
09-09-14,SET,1586.88,1589.87,1580.59,1583.18,13620659960
10-09-14,SET,1577.26,1584.99,1566.44,1582.13,11927822520
11-09-14,SET,1582.21,1589.93,1579.01,1580.87,14485673360
12-09-14,SET,1583.38,1584.92,1569.23,1581.36,11694693870
15-09-14,SET,1577.71,1583.61,1575.3,1579.12,11359643980
16-09-14,SET,1583.74,1583.91,1565.41,1565.41,14739361960
17-09-14,SET,1571.9,1575.67,1562.04,1570.64,29790664030
18-09-14,SET,1576.88,1584.23,1574.96,1584.23,17579231620
19-09-14,SET,1590.68,1592.42,1582.6,1584.91,18487024260
22-09-14,SET,1584.26,1592.94,1583.22,1589.51,26259799400
23-09-14,SET,1593.16,1596.23,1585.75,1590.13,26761636590
24-09-14,SET,1593.42,1597.51,1588.97,1591.89,12317753010
25-09-14,SET,1595.6,1598.45,1591.99,1591.99,14369618370
26-09-14,SET,1591.02,1600.16,1590.34,1600.16,15692473770
29-09-14,SET,1601.38,1602.21,1578.99,1585.79,15243512650
30-09-14,SET,1586.18,1592.79,1581.17,1585.67,13210239710
01-10-14,SET,1590.13,1595.21,1585.22,1587.35,13194321200
02-10-14,SET,1582.21,1587.54,1565.29,1569.73,20551388450
03-10-14,SET,1568.18,1573.43,1553.33,1570.28,22611527480
06-10-14,SET,1572.31,1574.52,1542.43,1543.13,13782224470
07-10-14,SET,1544.87,1551.84,1534.42,1539.39,16051320470
08-10-14,SET,1529.18,1546.58,1527.88,1543.39,19610113890
09-10-14,SET,1553.65,1561.79,1550.51,1560.61,21340003450
10-10-14,SET,1545.77,1555.09,1544.39,1552.72,11761815720
13-10-14,SET,1544.66,1548.39,1538.35,1542.35,21602668050
14-10-14,SET,1544.65,1552.15,1544.08,1546.78,25141131030
15-10-14,SET,1550.69,1556.47,1547.13,1547.41,16219200060
16-10-14,SET,1540.9,1544.27,1526.12,1526.15,22248819200
17-10-14,SET,1529.36,1532.26,1519.76,1528.71,12127934420
20-10-14,SET,1541.1,1542.6,1525.77,1526.67,11716251990
21-10-14,SET,1529.73,1530.84,1520.89,1526.14,15650242040
22-10-14,SET,1534.03,1535.38,1523.89,1532.72,18404920580
24-10-14,SET,1537.99,1540.92,1534.81,1539.91,12782626790
27-10-14,SET,1542.69,1548.04,1538.01,1547.89,26760594780
28-10-14,SET,1549.06,1557.18,1545.83,1556.53,28714851220
29-10-14,SET,1564.51,1570.13,1560.96,1562.67,41554526210
30-10-14,SET,1565.86,1570.06,1559.96,1565.35,34892938680
31-10-14,SET,1570.97,1584.35,1567.27,1584.16,22633669980
03-11-14,SET,1591.02,1591.15,1576.37,1579.18,28422619030
04-11-14,SET,1583.55,1585.46,1576.62,1585.15,26143248770
05-11-14,SET,1585.84,1587.83,1572.77,1577.4,32779292170
06-11-14,SET,1581.32,1585.98,1576.05,1580.77,19642531290
07-11-14,SET,1585.1,1586.32,1574.49,1578.37,21402963090
10-11-14,SET,1581.77,1582.33,1567.14,1567.34,20414645650
11-11-14,SET,1569,1576.52,1563.58,1571.2,24043425930
12-11-14,SET,1572.45,1575.15,1559.09,1562.03,22255040200
13-11-14,SET,1561.89,1577.21,1555.75,1577.21,20103869830
14-11-14,SET,1580.41,1580.92,1572.87,1575.88,15605556740
17-11-14,SET,1576.41,1577.63,1568.7,1569.07,15683636030
18-11-14,SET,1571.81,1587.13,1571.37,1581.27,16838968550
19-11-14,SET,1585.14,1586.02,1576.21,1577.55,12312274230
20-11-14,SET,1579.51,1580.33,1567.31,1568.68,13079569970
21-11-14,SET,1568.56,1581.12,1567.32,1579.2,14423330480
24-11-14,SET,1587.35,1592.2,1584.54,1590.14,15813002590
25-11-14,SET,1591.23,1596.82,1585.29,1596.8,14073457260
26-11-14,SET,1596.29,1599.73,1589.65,1591,25591004850
27-11-14,SET,1593.41,1602.28,1593,1599.82,18615491300
28-11-14,SET,1596.49,1600.65,1591.71,1593.91,24356517390
01-12-14,SET,1590.89,1598.05,1586.37,1593.82,35806395260
02-12-14,SET,1596.71,1598.93,1586.23,1594,12716473980
03-12-14,SET,1597.33,1600.29,1589.04,1594.58,12097004340
04-12-14,SET,1597.03,1599.77,1592.76,1597.76,11898352040
08-12-14,SET,1600.99,1603.89,1573.49,1575.55,15718259700
09-12-14,SET,1573.89,1576.11,1556.5,1559.56,14993118580
11-12-14,SET,1546.18,1548.11,1508.24,1526.81,21679795340
12-12-14,SET,1523.53,1530.74,1513.39,1514.95,16031694610
15-12-14,SET,1490.44,1494.1,1375.99,1478.49,50628760670
16-12-14,SET,1440.2,1476.34,1422.63,1461.74,18986307620
17-12-14,SET,1464.64,1487.48,1461.33,1480.2,15020544910
18-12-14,SET,1504.72,1516.79,1501.08,1516.79,15670072040
19-12-14,SET,1527.08,1528.05,1505.1,1514.35,13092084700
22-12-14,SET,1522.49,1536.83,1519.73,1536.83,10047529760
23-12-14,SET,1535.22,1539.23,1525.35,1531.17,11039961720
24-12-14,SET,1536.24,1538.47,1524.87,1525.06,10265071440
25-12-14,SET,1517.54,1517.99,1496.2,1504.89,9507209690
26-12-14,SET,1503.49,1512.03,1493.4,1510.41,15007944890
29-12-14,SET,1515.49,1516.17,1493.39,1498.22,7397455320
30-12-14,SET,1496.89,1499.89,1486.3,1497.67,5876416150
05-01-15,SET,1499.7,1502.1,1482.87,1483.25,7129188290
06-01-15,SET,1467.97,1478.35,1459.22,1477.58,31337759120
07-01-15,SET,1478.84,1500.83,1478.26,1500.75,12400606550
08-01-15,SET,1514.9,1523.32,1514.18,1521.62,18000261650
09-01-15,SET,1529.5,1531.21,1522.75,1529.42,32278566470
12-01-15,SET,1527.42,1538.93,1522.17,1531.21,11352093250
13-01-15,SET,1520.71,1537.08,1515.08,1534.97,12734810510
14-01-15,SET,1539.58,1548.24,1521.81,1523.24,18593544180
15-01-15,SET,1528.83,1535.56,1521.01,1523.38,9325405460
16-01-15,SET,1515.71,1525.65,1514.83,1517.74,9605535840
19-01-15,SET,1528.03,1536.14,1524.62,1535.37,9192002540
20-01-15,SET,1539.46,1542.6,1531.55,1535.09,12454427950
21-01-15,SET,1538.31,1540.08,1530.83,1537.36,12521951180
22-01-15,SET,1546.76,1561.3,1543.67,1560.34,14023762950
23-01-15,SET,1570.81,1601.05,1569.52,1598.33,14419285050
26-01-15,SET,1602.13,1610.78,1588.04,1588.31,12421545800
27-01-15,SET,1589.44,1605.67,1586.94,1589.81,13410556000
28-01-15,SET,1594.5,1603.12,1582.66,1592.81,15496411630
29-01-15,SET,1591.94,1599.49,1582.36,1586.4,20480907240
30-01-15,SET,1591.54,1592.83,1581.01,1581.25,12631090640
02-02-15,SET,1577.65,1583.99,1571.69,1582.7,20475046320
03-02-15,SET,1592.08,1604.84,1591.85,1602.54,17021040870
04-02-15,SET,1616.41,1619.77,1599.81,1599.81,13779597980
05-02-15,SET,1595.06,1607.92,1588.06,1607.92,10842034990
06-02-15,SET,1614.47,1615.78,1609.07,1613.63,10766491150
09-02-15,SET,1609.78,1614.97,1601.77,1601.77,14941849380
10-02-15,SET,1600.57,1606.69,1592.59,1594.96,13261908760
11-02-15,SET,1599.42,1605.69,1583.93,1605.11,11620441690
12-02-15,SET,1606.06,1613.44,1598.64,1613.4,10709599280
13-02-15,SET,1616.79,1619.65,1611.58,1615.89,11976548420
16-02-15,SET,1616.89,1619.17,1607.83,1608.04,10871065690
17-02-15,SET,1607.32,1610.21,1587.75,1587.75,14623488110
18-02-15,SET,1590.71,1603.7,1590.21,1603.14,18185161230
19-02-15,SET,1603.22,1608,1598.18,1599.96,12518903790
20-02-15,SET,1604.56,1609.15,1600.63,1603.45,11439185610
23-02-15,SET,1608.53,1610.24,1593.48,1593.89,15780616120
24-02-15,SET,1597,1604.96,1595.48,1598.66,12822546990
25-02-15,SET,1602.16,1603.1,1584.12,1589.33,13572312470
26-02-15,SET,1590.29,1593.56,1566.96,1593.55,15842804630
27-02-15,SET,1590.93,1594.44,1586.1,1587.01,15487499100
02-03-15,SET,1588.14,1590.02,1573.64,1582.14,16545987390
03-03-15,SET,1580.36,1582.67,1562.84,1562.84,19966433140
05-03-15,SET,1559.4,1561.88,1545.1,1553.33,15072616650
06-03-15,SET,1553.05,1568.7,1552.06,1568.29,9321763690
09-03-15,SET,1558.54,1565.19,1553.17,1559.71,9535635670
10-03-15,SET,1560.94,1562.82,1531,1531.04,10417477610
11-03-15,SET,1524.38,1544.19,1520.2,1543.84,11391364600
12-03-15,SET,1543.06,1549.02,1534.11,1544.34,8931543430
13-03-15,SET,1547.68,1551.86,1539.56,1541.55,8877237110
16-03-15,SET,1534.47,1535.9,1512.17,1515.57,11994588200
17-03-15,SET,1525.5,1527.95,1511.4,1512.84,9918480850
18-03-15,SET,1513.99,1533.14,1512.25,1531.5,8278941720
19-03-15,SET,1543.63,1544.69,1529.66,1532.13,8925692340
20-03-15,SET,1533.91,1535.36,1517.3,1529.96,10197622430
23-03-15,SET,1535.86,1539.57,1518.79,1520.01,16685354560
24-03-15,SET,1518.47,1519.09,1499.88,1514.45,14812362620
25-03-15,SET,1514.04,1520.88,1512.77,1512.8,8420965460
26-03-15,SET,1506.08,1512.76,1496.38,1496.41,9841326100
27-03-15,SET,1494.22,1496.02,1484.91,1495.22,7941279880
30-03-15,SET,1501.08,1504.54,1495.37,1496.51,7022493200
31-03-15,SET,1502.25,1509.33,1498.89,1505.94,52941465310
01-04-15,SET,1506.35,1525.63,1502.74,1525.58,33801109610
02-04-15,SET,1530.84,1539.65,1525.3,1532.23,11287173340
03-04-15,SET,1536.04,1537.97,1530.63,1536.05,7493662870
07-04-15,SET,1545.21,1555.1,1543.58,1549.53,7457655090
08-04-15,SET,1553.11,1556.13,1544.14,1544.86,10225591100
09-04-15,SET,1545.86,1550.83,1542.25,1545.11,5391387070
10-04-15,SET,1547.92,1549.66,1540.25,1547.83,5525163220
16-04-15,SET,1560.86,1570,1555.96,1570,6431268630
17-04-15,SET,1572.88,1575.39,1566.65,1566.85,8828969050
20-04-15,SET,1565.67,1567.04,1556.25,1560.32,7916559640
21-04-15,SET,1566.35,1572.04,1565.3,1569.35,7540412420
22-04-15,SET,1571.15,1571.5,1552,1552.01,7638296100
23-04-15,SET,1556.61,1562.32,1543.47,1544.84,8678627850
24-04-15,SET,1549.68,1556.1,1545.83,1555.46,8500672000
27-04-15,SET,1559.2,1562.64,1546.66,1548.83,8519281870
28-04-15,SET,1549.2,1549.53,1525.92,1531.53,8714906590
29-04-15,SET,1521.55,1529.29,1513.42,1522.47,8417836250
30-04-15,SET,1520.55,1531.5,1520.01,1526.74,6373841410
06-05-15,SET,1529.56,1531.75,1514.79,1519.88,7951854980
07-05-15,SET,1514.84,1521.86,1498.31,1498.31,14243391240
08-05-15,SET,1502.29,1514.64,1494.92,1510.51,7163434920
11-05-15,SET,1517.05,1520.49,1501.3,1501.3,6635615640
12-05-15,SET,1499.28,1501.12,1478.9,1485.72,7862605460
13-05-15,SET,1490.93,1497.02,1487.46,1495.95,6353473530
14-05-15,SET,1496.2,1500.38,1484.95,1497.4,6549983660
15-05-15,SET,1496.98,1512.19,1494.79,1512.19,7146990430
18-05-15,SET,1510.21,1515.65,1505.67,1510.41,6212052340
19-05-15,SET,1513.83,1527.6,1513.13,1525.96,6584515520
20-05-15,SET,1527.65,1530.85,1518.38,1520.11,6948655920
21-05-15,SET,1523.33,1529.94,1522.59,1526.25,7687960420
22-05-15,SET,1533.17,1536.3,1522.06,1523.86,6925508300
25-05-15,SET,1526.3,1528.13,1508.16,1508.16,5606321220
26-05-15,SET,1508.12,1513.02,1497.98,1497.98,8261019610
27-05-15,SET,1491.43,1501.61,1486.63,1500.84,5542772410
28-05-15,SET,1502.49,1503.38,1487.15,1493.61,5678894200
29-05-15,SET,1495.64,1500.5,1491.57,1496.05,6071366380
02-06-15,SET,1492.45,1494.19,1476.28,1476.87,6171413010
03-06-15,SET,1480.36,1487.38,1477.15,1482.07,6245894060
04-06-15,SET,1484.57,1491.81,1476.16,1490.9,9382078070
05-06-15,SET,1490.51,1509.06,1490.29,1507.37,7564899300
08-06-15,SET,1507.72,1511.5,1501.62,1508.28,6028015520
09-06-15,SET,1504.59,1505.23,1490.64,1492.32,8144763670
10-06-15,SET,1496.65,1510.68,1496.37,1504.04,6850196560
11-06-15,SET,1512.95,1518.34,1510.74,1514.81,8509751050
12-06-15,SET,1515.64,1517.1,1506.69,1508.23,7652076420
15-06-15,SET,1507.05,1507.66,1496.76,1501.89,7561859680
16-06-15,SET,1502.26,1507.93,1501.28,1503.28,7769868810
17-06-15,SET,1507.23,1516.52,1504.16,1514.79,8461381300
18-06-15,SET,1517.13,1518.44,1506.57,1508.04,8744634650
19-06-15,SET,1507.6,1508.19,1488.07,1491.46,9603153550
22-06-15,SET,1492.55,1509.39,1492.18,1504.06,7671748210
23-06-15,SET,1512.23,1513.31,1500.97,1503.23,7533312220
24-06-15,SET,1507.39,1518.61,1506.72,1518.26,8854869470
25-06-15,SET,1517.35,1523.42,1512.76,1519.47,9268378560
26-06-15,SET,1520.92,1524.59,1516.96,1518.03,7727436090
29-06-15,SET,1501.03,1516.93,1495.86,1511.19,8537639730
30-06-15,SET,1510.18,1512.65,1499.15,1504.55,10902511530
02-07-15,SET,1504.72,1505.41,1490.8,1491.62,10372814530
03-07-15,SET,1490.44,1495.37,1485.5,1489.59,7988950070
06-07-15,SET,1479.81,1482.23,1470.37,1473.23,8516053540
07-07-15,SET,1477.16,1484.9,1475.88,1483.77,7733337530
08-07-15,SET,1476.01,1478.97,1466.74,1470.25,7402387680
09-07-15,SET,1469.59,1479.28,1461.57,1472.57,8521276010
10-07-15,SET,1482.18,1486.29,1476.91,1484.9,9320185950
13-07-15,SET,1484.52,1493.63,1480.64,1490.65,7184567020
14-07-15,SET,1493.39,1494.96,1487.01,1488.4,7644392830
15-07-15,SET,1490.99,1496.17,1486.74,1486.74,7646858140
16-07-15,SET,1488.97,1490.62,1476.43,1481.26,10411394770
17-07-15,SET,1482.61,1484.25,1476.9,1479.31,6770778270
20-07-15,SET,1480.12,1481.27,1466.64,1466.71,13753934420
21-07-15,SET,1467.61,1468.25,1442.79,1447.44,11670353390
22-07-15,SET,1441.38,1449.53,1432.58,1447.84,10668662800
23-07-15,SET,1447.16,1453.47,1444.21,1444.66,8424094560
24-07-15,SET,1440.78,1441.92,1433.01,1438.08,6810290120
27-07-15,SET,1431.86,1433.95,1410.72,1412.55,8930478420
28-07-15,SET,1416.02,1422.38,1401.13,1408.07,10702281900
29-07-15,SET,1413.96,1419.07,1401.06,1417.49,8810899810
31-07-15,SET,1424.01,1440.12,1423.14,1440.12,7740751900
03-08-15,SET,1435.62,1442.16,1432.1,1442.04,7995757660
04-08-15,SET,1438.67,1439.06,1428.52,1432.16,9534255270
05-08-15,SET,1438.16,1441.38,1433.84,1436.36,11826709820
06-08-15,SET,1436.66,1439.22,1428.53,1430.58,8438543270
07-08-15,SET,1429.92,1433.15,1426.95,1428.79,7026260630
10-08-15,SET,1423.3,1425.63,1418.89,1420.13,11001171270
11-08-15,SET,1423.31,1425.68,1408.32,1408.32,9295847740
13-08-15,SET,1399.3,1404.15,1382.7,1404.15,10367532600
14-08-15,SET,1404.24,1416.47,1399.39,1413.92,9683651660
17-08-15,SET,1414.64,1418.69,1408.74,1408.74,8642333920
18-08-15,SET,1371.88,1388.12,1362.31,1372.61,18760775750
19-08-15,SET,1376.19,1383.3,1370.24,1379.12,9411299660
20-08-15,SET,1372.66,1379.5,1370.04,1372.53,10464036460
21-08-15,SET,1365.93,1369.84,1357.9,1365.61,11421804030
24-08-15,SET,1334.62,1336.79,1301.06,1301.06,16107134280
25-08-15,SET,1315.71,1323.88,1292.14,1323.88,13920739600
26-08-15,SET,1314.91,1333.3,1314.86,1320.08,15768179420
27-08-15,SET,1338.37,1359.23,1336.59,1358.03,16181607000
28-08-15,SET,1374.36,1380.66,1358.76,1365.94,10772191880
31-08-15,SET,1367.81,1382.41,1364.34,1382.41,11985264780
01-09-15,SET,1381.64,1384.18,1361.77,1362.39,15442890900
02-09-15,SET,1360.52,1375.72,1355.27,1372.45,10959167990
03-09-15,SET,1379.78,1386.54,1378.93,1383.48,11013766630
04-09-15,SET,1378.64,1381.68,1368.89,1370.75,11714659900
07-09-15,SET,1368.28,1374.27,1365.7,1371.4,9110100970
08-09-15,SET,1371.31,1379.92,1360.08,1379.32,9905145990
09-09-15,SET,1390.17,1398.57,1385.89,1396.29,11945906100
10-09-15,SET,1386.49,1396.16,1384.39,1396.16,9488290250
11-09-15,SET,1399.3,1403.3,1381.48,1381.72,12301745550
14-09-15,SET,1382.64,1385.12,1371.96,1377.15,10496517790
15-09-15,SET,1377.33,1381.09,1368.31,1370.65,11930291630
16-09-15,SET,1375.28,1382.42,1369.45,1381.8,8916050300
17-09-15,SET,1387,1392.81,1384.62,1389.7,8405969440
18-09-15,SET,1394,1397.77,1386.79,1390.32,10118762080
21-09-15,SET,1384.76,1394.35,1382.44,1392.73,7845359090
22-09-15,SET,1396.38,1397.29,1377.79,1379.32,9678984260
23-09-15,SET,1372.43,1378.64,1364.73,1375.17,7917134770
24-09-15,SET,1371.9,1375.83,1365.6,1372.35,9324984970
25-09-15,SET,1375.31,1380.59,1368.43,1376.83,9269165690
28-09-15,SET,1368.56,1369.1,1352.02,1352.13,8485849080
29-09-15,SET,1342.36,1358.63,1341.3,1348.84,10401026750
30-09-15,SET,1353.06,1356.62,1348.24,1349,9472255560
01-10-15,SET,1353.92,1358.15,1344.96,1345.15,9981204440
02-10-15,SET,1345.68,1351.03,1342,1346.35,7305641910
05-10-15,SET,1354.11,1363.98,1353.73,1363.17,7634082130
06-10-15,SET,1367.9,1372.56,1363.39,1370.69,8817480110
07-10-15,SET,1376.47,1394.05,1373.59,1393.66,9148926320
08-10-15,SET,1393.79,1401.84,1390,1392.15,12575607040
09-10-15,SET,1404.68,1415.53,1403.54,1411.33,11022691020
12-10-15,SET,1415.44,1417.51,1406.61,1412.49,10683521850
13-10-15,SET,1408.33,1410.15,1399.52,1406.69,9582248140
14-10-15,SET,1405.29,1414.85,1404.47,1405.08,8448011790
15-10-15,SET,1413,1426.17,1412.36,1425.32,9135423880
16-10-15,SET,1428.99,1429.54,1416.65,1418.38,8998800760
19-10-15,SET,1421.61,1426.81,1413.34,1416.91,7428507710
20-10-15,SET,1415.55,1424.07,1414.97,1418.63,6716336310
21-10-15,SET,1421.63,1424.29,1412.28,1415.8,7108701920
22-10-15,SET,1415.52,1417.89,1413.48,1416.14,6862157040
26-10-15,SET,1429.03,1431.86,1423.24,1424.16,7732267500
27-10-15,SET,1422.73,1428.78,1421.15,1424.05,7633438230
28-10-15,SET,1422.97,1423.94,1407.02,1409.26,11129813250
29-10-15,SET,1409.62,1411.29,1387.75,1390.04,10228474000
30-10-15,SET,1391.41,1398.9,1389.83,1394.94,7207132300
02-11-15,SET,1395.63,1413.57,1395.35,1413.34,7167559260
03-11-15,SET,1419.45,1420.6,1408.53,1412.62,7543160880
04-11-15,SET,1420.65,1425.36,1417.47,1423.42,8696547640
05-11-15,SET,1421.23,1427.05,1412.51,1413.16,9568103150
06-11-15,SET,1411.47,1416.42,1408.94,1414.54,9441114590
09-11-15,SET,1412.15,1413.7,1401.77,1402.57,7878651630
10-11-15,SET,1398.19,1403.26,1394.71,1398.38,8942250680
11-11-15,SET,1398.58,1400.97,1389.94,1390.15,10445082280
12-11-15,SET,1383.88,1387.75,1379.1,1384.29,12505782840
13-11-15,SET,1380.34,1385.7,1379.1,1382.46,8625706620
16-11-15,SET,1370.51,1388.81,1368.79,1388.62,8035213430
17-11-15,SET,1396.54,1398.19,1388.76,1390.17,8440524030
18-11-15,SET,1390.95,1394.28,1374.97,1376.82,7924761920
19-11-15,SET,1384.19,1388.34,1381.41,1384.97,8939888430
20-11-15,SET,1386.99,1396.33,1383.14,1393.84,7703875360
23-11-15,SET,1397.27,1401.77,1393.99,1394.22,7493191050
24-11-15,SET,1395.73,1400.2,1383.03,1384.92,7619361640
25-11-15,SET,1388.53,1391.08,1377.88,1381.46,7074990910
26-11-15,SET,1383.84,1386.13,1363.61,1365.81,8689761130
27-11-15,SET,1364.17,1368.92,1359.96,1363.13,7123437200
30-11-15,SET,1360.72,1369.99,1354.1,1359.7,8626607790
01-12-15,SET,1363.13,1364.83,1353.08,1357.01,8089867540
02-12-15,SET,1356.88,1364.96,1339.3,1339.45,8981909550
03-12-15,SET,1332.6,1342.21,1325.86,1340.62,9897414880
04-12-15,SET,1334.26,1337.73,1330.87,1333.57,7395766300
08-12-15,SET,1323.85,1324.61,1306.2,1306.98,8612160780
09-12-15,SET,1309.22,1316.19,1294.41,1297.82,7725583500
11-12-15,SET,1297.1,1297.73,1278.3,1280.92,7478639920
14-12-15,SET,1262.44,1270.04,1251.99,1267.61,8354006070
15-12-15,SET,1276.96,1300.53,1273.29,1300.51,10770633420
16-12-15,SET,1304.76,1308.54,1296.24,1299.12,8969656870
17-12-15,SET,1297.16,1313.09,1296.25,1310.34,8756038910
18-12-15,SET,1302.05,1302.39,1284.36,1284.92,8669703900
21-12-15,SET,1271.28,1280.08,1262.28,1264.44,11878326800
22-12-15,SET,1274.71,1278.94,1258.73,1261.66,11938833300
23-12-15,SET,1270.47,1275.94,1266.25,1274.5,7680095460
24-12-15,SET,1285.7,1287.1,1280.02,1284.15,6630588940
25-12-15,SET,1286.66,1287.46,1275.43,1282.93,4684067640
28-12-15,SET,1285.65,1287.39,1280.98,1285.87,5105711030
29-12-15,SET,1281.9,1287.36,1276.47,1283.78,5154399770
30-12-15,SET,1285.52,1294.84,1285.29,1288.02,6316200950
04-01-16,SET,1286.26,1286.36,1260.96,1263.41,9397119710
05-01-16,SET,1267.99,1270.07,1251.87,1253.34,9880929640
06-01-16,SET,1250.14,1260.88,1247.89,1260.04,7905680050
07-01-16,SET,1238.06,1244.04,1224.83,1224.83,9622843970
08-01-16,SET,1231.88,1246.7,1228.18,1244.18,7910330430
11-01-16,SET,1233.86,1235.18,1220.96,1234.5,7897490480
12-01-16,SET,1232.16,1255.78,1231.92,1255.3,9057233660
13-01-16,SET,1268.32,1279.21,1262.53,1278.61,10717075140
14-01-16,SET,1264.93,1273.91,1260.41,1263.29,9836385030
15-01-16,SET,1269.4,1273.82,1245.36,1245.85,9177599850
18-01-16,SET,1234.8,1250.66,1231.32,1245.05,7764408870
19-01-16,SET,1248.76,1269.98,1248.39,1266.01,10110440550
20-01-16,SET,1253.43,1257.92,1244.94,1248.98,9317609300
21-01-16,SET,1260.77,1263.67,1237.56,1245.61,13783160500
22-01-16,SET,1260.53,1272.09,1254.8,1268.03,9771688200
25-01-16,SET,1277.28,1283.51,1267.58,1267.7,11584755000
26-01-16,SET,1261.3,1271.5,1259.35,1268.07,8594882200
27-01-16,SET,1276.69,1286.16,1275.79,1278.29,10782101360
28-01-16,SET,1284.21,1288.88,1274.53,1288.4,9783189680
29-01-16,SET,1291.97,1301.01,1287.23,1300.98,9973544300
01-02-16,SET,1300.85,1308.26,1293.27,1297.34,11151998230
02-02-16,SET,1295.76,1300.1,1284.64,1285.3,12765192300
03-02-16,SET,1277.38,1291.87,1275.41,1291.77,8645498400
04-02-16,SET,1298.89,1301.87,1294.67,1297.11,9471197510
05-02-16,SET,1303.97,1307.95,1300.24,1306.29,8029382580
08-02-16,SET,1308.46,1313.29,1304.71,1307.57,5975898900
09-02-16,SET,1300.34,1303.99,1294.6,1303.96,7177809740
10-02-16,SET,1300.32,1306.35,1296.02,1304.74,7821570110
11-02-16,SET,1300.37,1307.25,1280.74,1280.74,10765399450
12-02-16,SET,1282.86,1286.2,1270.84,1276.49,8835391830
15-02-16,SET,1287.05,1294.55,1284.89,1288.4,6971614500
16-02-16,SET,1296.69,1298.71,1286.26,1289.36,7842305270
17-02-16,SET,1287.25,1288.62,1275.72,1288.47,9757461490
18-02-16,SET,1297.23,1301.33,1287.84,1294.59,8875181420
19-02-16,SET,1295.01,1320.23,1293.48,1320.19,9725729430
23-02-16,SET,1325.24,1329.24,1319.22,1325.79,9276767510
24-02-16,SET,1323.01,1336.15,1320.91,1331.93,9197756080
25-02-16,SET,1338.04,1338.98,1326.68,1333.42,8938868750
26-02-16,SET,1338.48,1343.51,1335.74,1343.07,8615684420
29-02-16,SET,1342.43,1343.94,1331.57,1332.37,7948978850
01-03-16,SET,1335.52,1347.33,1331.55,1346.95,10159644770
02-03-16,SET,1355.01,1372.46,1352.81,1365.31,15523830470
03-03-16,SET,1371.46,1383.47,1369.94,1379.33,11470494440
04-03-16,SET,1385.03,1389.24,1376.37,1379.53,10717916000
07-03-16,SET,1386.53,1396.3,1385.91,1395.75,13953471320
08-03-16,SET,1391.58,1397.75,1373.86,1374.62,16225454620
09-03-16,SET,1371.35,1391.13,1366.81,1390.66,12537172320
10-03-16,SET,1392.13,1392.49,1376.34,1379.06,22379089330
11-03-16,SET,1385.27,1396.86,1385.26,1393.41,11046093820
14-03-16,SET,1401.58,1407.21,1392.51,1394.27,10057949600
15-03-16,SET,1389.67,1391.76,1380.23,1382.93,10095009610
16-03-16,SET,1387.01,1392.24,1370.08,1377.8,17058472350
17-03-16,SET,1388.09,1389.77,1379.96,1380.2,11584316720
18-03-16,SET,1386.46,1388.7,1376.41,1382.96,12121161070
21-03-16,SET,1384.72,1393.68,1380.16,1393.63,11029240580
22-03-16,SET,1400.95,1402.03,1391.23,1397.2,10039315150
23-03-16,SET,1396.24,1412.16,1393.16,1412.16,10505220730
24-03-16,SET,1407.36,1412.8,1403.53,1405.41,9463160460
25-03-16,SET,1407.43,1410.17,1394.53,1394.78,8703195900
28-03-16,SET,1395.69,1399.22,1386.98,1389.01,7862004780
29-03-16,SET,1389.04,1394.78,1386.29,1392.85,8205014480
30-03-16,SET,1401.08,1419.72,1400.55,1410.29,9436125030
31-03-16,SET,1406.85,1412.92,1402.01,1407.7,8050295920
01-04-16,SET,1405.07,1406.24,1395.44,1400.72,7017577630
04-04-16,SET,1399.59,1403.27,1396.42,1400.27,7650294310
05-04-16,SET,1389.75,1390.11,1373.34,1373.59,10741555040
07-04-16,SET,1375.19,1379.25,1356.68,1356.69,9657707520
08-04-16,SET,1357.23,1370.68,1351.27,1369.64,10307079280
11-04-16,SET,1370.31,1375.47,1364.96,1369.84,5916524730
12-04-16,SET,1374.92,1386.04,1373.83,1385.42,7656160490
18-04-16,SET,1387.08,1398.81,1384.39,1398.77,8816889920
19-04-16,SET,1403.81,1417.96,1402.16,1416,9729379000
20-04-16,SET,1416.78,1419.77,1407.97,1414.96,9214569200
21-04-16,SET,1425.72,1432.25,1420.75,1423.9,9721962090
22-04-16,SET,1425.27,1425.76,1410.81,1410.81,8619110780
25-04-16,SET,1410.66,1413.99,1406.38,1408.71,8569126670
26-04-16,SET,1408,1421.89,1405.55,1418.78,11743274780
27-04-16,SET,1421.8,1423.15,1409.17,1411.84,8430351310
28-04-16,SET,1416.35,1419.21,1396.16,1399.91,10243039120
29-04-16,SET,1399.15,1404.61,1394.25,1404.61,11785238790
03-05-16,SET,1403.53,1409.92,1397.12,1397.87,10448019580
04-05-16,SET,1392.58,1393.56,1384.18,1390.7,8202594070
09-05-16,SET,1389.78,1394.28,1381.66,1394.14,8724853180
10-05-16,SET,1387.17,1393.62,1384.25,1390.13,9941854830
11-05-16,SET,1391.15,1394.18,1382.27,1382.41,10530547610
12-05-16,SET,1384.82,1399.39,1383.04,1399.31,11880574350
13-05-16,SET,1400,1404.57,1394.25,1394.69,12057537730
16-05-16,SET,1403.24,1406.03,1392.99,1397.63,12288882160
17-05-16,SET,1405.3,1411.02,1402.43,1406.57,11824827400
18-05-16,SET,1406.95,1410.04,1399.36,1400.5,11330796970
19-05-16,SET,1400.78,1400.97,1384.12,1385.86,13807128020
23-05-16,SET,1387.73,1388.88,1377.65,1381.69,10836311490
24-05-16,SET,1381.5,1386.15,1376.74,1384.26,9472746070
25-05-16,SET,1393.95,1398.35,1390.19,1397.63,9102689800
26-05-16,SET,1398.68,1404.47,1398.08,1401.64,7537919030
27-05-16,SET,1402.37,1412.67,1400.92,1412.67,8619797970
30-05-16,SET,1422.43,1425.66,1418.81,1424.12,9034284130
31-05-16,SET,1427.29,1428.29,1420.19,1424.28,11275822070
01-06-16,SET,1423.26,1429.08,1415.73,1415.76,9108803300
02-06-16,SET,1418.72,1429.93,1417.79,1424.06,10440775680
03-06-16,SET,1430.23,1437.62,1426.8,1436.43,9543482450
06-06-16,SET,1441.54,1446.43,1440.28,1443.42,9432909750
07-06-16,SET,1448.39,1450.28,1440.23,1442.42,9485223240
08-06-16,SET,1443.01,1446.46,1436.43,1445.54,8541725050
09-06-16,SET,1449.62,1451.08,1435.2,1435.65,8280454440
10-06-16,SET,1434.33,1438.66,1428.87,1429.21,7529253360
13-06-16,SET,1419.38,1425.97,1414.89,1421.86,12468584290
14-06-16,SET,1421.67,1429.63,1421.45,1428.1,16573718390
15-06-16,SET,1430.87,1436.65,1425.57,1434.89,11874809240
16-06-16,SET,1428.73,1429.74,1410.26,1411.19,12291025940
17-06-16,SET,1415.99,1422.22,1412.33,1421.32,11887448550
20-06-16,SET,1425.53,1426.87,1419.45,1421.99,13652457500
21-06-16,SET,1422.79,1433.52,1421.36,1430.8,12684898480
22-06-16,SET,1431.9,1434.4,1422.27,1424.68,10363332750
23-06-16,SET,1425.41,1438.51,1418.59,1436.4,12083867520
24-06-16,SET,1411.99,1416.15,1393.83,1413.19,17618625240
27-06-16,SET,1411.71,1426.68,1410.08,1424.31,11124787750
28-06-16,SET,1426.65,1437.82,1424.23,1437.42,10846471030
29-06-16,SET,1445.41,1449.9,1441.54,1442.66,13889045140
30-06-16,SET,1450.55,1452.08,1436.68,1444.99,12326766270
04-07-16,SET,1452.83,1456.29,1448.88,1454.56,11064417670
05-07-16,SET,1455.45,1459.8,1447.69,1450.07,11679201760
06-07-16,SET,1444.54,1456.98,1443.97,1452.59,11031427130
07-07-16,SET,1459.04,1464.1,1455.67,1456.72,15679754330
08-07-16,SET,1456.73,1459.21,1449.87,1455.65,12679080630
11-07-16,SET,1464.42,1470.57,1463.15,1468.39,12626927490
12-07-16,SET,1473.32,1477.28,1466.42,1474.92,13104151860
13-07-16,SET,1481.29,1483.14,1475.44,1477.61,14451271660
14-07-16,SET,1479.44,1489.68,1475.97,1488.69,13124399870
15-07-16,SET,1492.96,1498.13,1489.82,1492,12138505600
20-07-16,SET,1500.52,1510.64,1499.19,1510.03,10683230660
21-07-16,SET,1511.03,1517.59,1502.45,1502.7,11524953330
22-07-16,SET,1502.76,1510.58,1497.32,1509.13,10119212750
25-07-16,SET,1508.66,1516.95,1508.2,1512.66,11543921020
26-07-16,SET,1513.69,1515.98,1501.56,1504.81,11649383890
27-07-16,SET,1510.59,1517.73,1509.54,1515.4,11636000130
28-07-16,SET,1516.64,1526.61,1510.57,1524.58,12665946700
29-07-16,SET,1527.11,1530.35,1522.01,1524.07,12596678560
01-08-16,SET,1531.94,1533.75,1511.65,1512.62,15371394470
02-08-16,SET,1508.18,1511.83,1497.23,1497.51,14765336270
03-08-16,SET,1496.38,1509.77,1493.88,1507.47,11151854990
04-08-16,SET,1509.79,1514.29,1507.1,1507.93,10118705390
05-08-16,SET,1515.93,1521.26,1513.07,1518.69,9485669260
08-08-16,SET,1538.13,1543.36,1532.39,1542.26,12059613940
09-08-16,SET,1545.06,1551.59,1542.06,1548.21,12845000540
10-08-16,SET,1552.21,1554.31,1542.06,1548.13,14166772480
11-08-16,SET,1548.81,1553.22,1544.1,1552.64,12571405470
15-08-16,SET,1539.96,1558.32,1538.77,1549.11,14648012880
16-08-16,SET,1552.76,1556.38,1532.86,1537.52,14825939660
17-08-16,SET,1535.74,1539.89,1529.99,1531.63,21172225130
18-08-16,SET,1536.25,1549.98,1535.18,1547.01,15078921580
19-08-16,SET,1548.62,1551.46,1535.87,1538.76,11313055680
22-08-16,SET,1537.4,1543.46,1535.57,1539.24,10070106890
23-08-16,SET,1532.03,1541.01,1528.4,1540.06,11037075750
24-08-16,SET,1541.07,1550.31,1538.2,1547.55,11104519360
25-08-16,SET,1550.98,1554.9,1540.42,1544.1,11303401590
26-08-16,SET,1546.04,1555.88,1545.41,1549.41,9414860310
29-08-16,SET,1551.14,1553.56,1540.02,1544.15,11189071220
30-08-16,SET,1548.14,1553.15,1546.04,1546.13,10202770090
31-08-16,SET,1545.72,1548.71,1539.03,1548.44,10232435360
01-09-16,SET,1549.21,1550.59,1539.71,1539.71,11151220970
02-09-16,SET,1539.44,1540.97,1516.7,1521.48,15109752690
05-09-16,SET,1526.28,1527.22,1477.28,1492.52,19201853460
06-09-16,SET,1493.32,1502.53,1488.99,1496.9,9781435400
07-09-16,SET,1500.81,1511.62,1487.2,1487.2,14072971280
08-09-16,SET,1488.16,1490.24,1451.46,1455.38,16610161880
09-09-16,SET,1453.6,1458.39,1435.67,1445.28,15349831810
12-09-16,SET,1422.78,1432.37,1410.87,1411.85,12819003740
13-09-16,SET,1431.52,1450.43,1429.62,1446.84,12157715450
14-09-16,SET,1445.14,1459.89,1444.25,1458.19,13163598820
15-09-16,SET,1460.8,1468.69,1457.07,1463.39,10455028390
16-09-16,SET,1471.14,1479.07,1466.76,1479.07,11640946720
19-09-16,SET,1482.58,1493.02,1481.19,1492.73,13201493940
20-09-16,SET,1490.73,1491.16,1467.55,1473.78,11642654670
21-09-16,SET,1481.23,1496.93,1480.23,1487.17,12346434790
22-09-16,SET,1498.76,1506.7,1496.81,1505.99,10270764460
23-09-16,SET,1505.77,1505.85,1485.14,1492.88,12606786190
26-09-16,SET,1481.65,1492.21,1479.17,1490.14,9105000840
27-09-16,SET,1493.55,1498.2,1488.78,1489.39,8190414750
28-09-16,SET,1489.17,1491.2,1477.29,1479.58,8734126030
29-09-16,SET,1491.37,1498.51,1488.26,1491.43,8650092830
30-09-16,SET,1485.82,1490.14,1479.46,1483.21,8141413710
03-10-16,SET,1490.11,1493.77,1487.62,1490.94,7277619130
04-10-16,SET,1496.01,1511.06,1494.37,1509.78,9519241690
05-10-16,SET,1512.79,1514.12,1505.87,1509.92,9336663440
06-10-16,SET,1512.64,1518.23,1509.71,1513.86,10677895250
07-10-16,SET,1513.18,1514.25,1501,1504.34,9987222190
10-10-16,SET,1453.36,1470.84,1450.87,1457.02,15611565690
11-10-16,SET,1465.79,1467.71,1431.7,1442.21,13661615600
12-10-16,SET,1432.42,1435.29,1343.13,1406.18,32405452200
13-10-16,SET,1387.03,1412.82,1356.79,1412.82,24229951390
14-10-16,SET,1461.42,1480.47,1448.19,1477.61,20388650930
17-10-16,SET,1470.54,1481.18,1463.19,1477.34,12189624550
18-10-16,SET,1479.41,1482.17,1467.61,1477.54,10680603280
19-10-16,SET,1471.78,1490.98,1470.51,1486.28,12364880790
20-10-16,SET,1495.1,1498.04,1490.65,1492.73,10478236490
21-10-16,SET,1494.61,1501.22,1491.63,1500.37,9924693530
25-10-16,SET,1505.82,1508.89,1496.66,1506.47,9545117050
26-10-16,SET,1505.99,1507.2,1492.11,1492.12,10753234390
27-10-16,SET,1492.2,1500.99,1488.72,1498.36,10770221420
28-10-16,SET,1500.72,1501.36,1491.32,1494.44,9919612940
31-10-16,SET,1494.04,1497.64,1491.04,1495.72,7658128730
01-11-16,SET,1500.15,1507.74,1499.66,1504.52,9740084160
02-11-16,SET,1502.19,1502.57,1494.06,1498.65,8788672980
03-11-16,SET,1499.14,1504.84,1493.05,1493.08,10280239110
04-11-16,SET,1489.4,1491.44,1478.9,1485.7,12336962870
07-11-16,SET,1496.06,1504.98,1495.14,1502.27,9379537690
08-11-16,SET,1504.49,1510.99,1501.96,1509.84,12527932610
09-11-16,SET,1498.81,1509.43,1486.32,1509.43,18517761000
10-11-16,SET,1519.17,1522.63,1513,1514.26,14059535530
11-11-16,SET,1508.62,1509.02,1493.93,1494.53,13837913700
14-11-16,SET,1481.97,1483.29,1467.37,1469.23,12695219950
15-11-16,SET,1474.06,1478.63,1463.31,1476.46,17148508380
16-11-16,SET,1483.88,1486.45,1474.55,1474.64,12922138950
17-11-16,SET,1477.11,1478.3,1467.36,1473.85,10707393180
18-11-16,SET,1471.99,1475.9,1465.9,1473.86,10714852960
21-11-16,SET,1476.82,1482.87,1472.65,1478.3,8545594220
22-11-16,SET,1485.56,1489.29,1483.03,1485.68,10640592160
23-11-16,SET,1491.02,1496.38,1488.38,1496.36,9749880000
24-11-16,SET,1495.65,1497.62,1487.94,1490.11,8359108970
25-11-16,SET,1494.26,1500.41,1493.55,1500.4,9306225910
28-11-16,SET,1502.57,1505.48,1498.93,1500.78,8474849770
29-11-16,SET,1507.59,1509.51,1494.51,1497.18,9367170720
30-11-16,SET,1498.41,1511.87,1496.05,1510.24,9578666640
01-12-16,SET,1519.66,1523.63,1510.64,1512.38,10442138600
02-12-16,SET,1514.4,1518.29,1498.57,1501.66,8689468770
06-12-16,SET,1506.48,1516.5,1503.15,1516.48,8160564390
07-12-16,SET,1515.61,1523.45,1513.28,1520.53,11917151800
08-12-16,SET,1524.2,1530.33,1523.73,1525.41,10860061300
09-12-16,SET,1531.95,1532.84,1522.84,1526.32,9272610820
13-12-16,SET,1528.16,1532.37,1521.42,1530.21,10647889640
14-12-16,SET,1531.06,1531.84,1518.11,1521.25,10446463570
15-12-16,SET,1516.2,1522.62,1514.68,1519.65,10484521120
16-12-16,SET,1523.47,1527.58,1520.73,1522.51,9504910000
19-12-16,SET,1524.15,1527.03,1520.89,1522.4,8580525310
20-12-16,SET,1524.64,1524.89,1507.91,1511.65,8651192570
21-12-16,SET,1513.68,1515.87,1506.75,1508.57,8301202420
22-12-16,SET,1509.09,1510.42,1502.29,1504.12,6659818880
23-12-16,SET,1504.76,1511.85,1502.28,1509.98,7739634860
26-12-16,SET,1512.09,1517.08,1511.8,1515.23,5867428690
27-12-16,SET,1516.25,1519.66,1513.98,1517.08,5571588660
28-12-16,SET,1520.4,1526.62,1518.68,1524.6,6798194540
29-12-16,SET,1524.58,1542.39,1523.97,1537.81,6950068780
30-12-16,SET,1539.51,1546.58,1538.05,1542.94,7486067040
04-01-17,SET,1548.49,1564.58,1548.44,1563.58,12277343990
05-01-17,SET,1568.39,1574.85,1564.84,1571.05,12644475310
06-01-17,SET,1572.9,1575.62,1566.78,1571.48,12254029970
09-01-17,SET,1572.84,1573.75,1559.83,1564.08,11310445070
10-01-17,SET,1563.49,1574.04,1563.13,1572.1,10952199860
11-01-17,SET,1572.38,1583.26,1571.83,1572.93,12055099730
12-01-17,SET,1580.77,1581.35,1567.36,1568.84,10127558360
13-01-17,SET,1572.67,1576.35,1566.81,1575.24,9096498000
16-01-17,SET,1574.15,1576.82,1567.65,1571.8,11410115810
17-01-17,SET,1573.01,1577.71,1566.17,1566.84,11805905910
18-01-17,SET,1569.28,1572.16,1560.76,1560.83,9658744660
19-01-17,SET,1559.48,1560.44,1546.56,1554.88,10300535190
20-01-17,SET,1553.07,1566.34,1552.16,1562.99,10538715990
23-01-17,SET,1567.68,1571.01,1565.09,1570.79,9379658690
24-01-17,SET,1573.35,1581.78,1572.92,1578.82,12148321450
25-01-17,SET,1584.05,1588.11,1580.07,1584.29,11776679450
26-01-17,SET,1596.74,1600.79,1587.21,1591,10706420450
27-01-17,SET,1590.37,1592.51,1586.01,1590.8,7893037310
30-01-17,SET,1589.25,1594.66,1587,1590.56,8167402400
31-01-17,SET,1586.24,1586.87,1575.86,1577.31,9056096290
01-02-17,SET,1575.13,1581.35,1569.75,1576.32,10288346920
02-02-17,SET,1577.14,1582.1,1572.45,1572.67,9197949670
03-02-17,SET,1573.26,1586.06,1571.38,1582.95,9835649430
06-02-17,SET,1586.79,1592.68,1584.44,1589.13,10519667530
07-02-17,SET,1587.76,1591.7,1580.66,1582.52,9813221520
08-02-17,SET,1582.54,1594.61,1581.6,1589.29,11618602330
09-02-17,SET,1592.91,1595.81,1582.6,1583.25,9952802030
10-02-17,SET,1589.68,1590.96,1582.68,1585.24,9296443390
14-02-17,SET,1586.38,1587.66,1570.06,1572.24,9328792930
15-02-17,SET,1571.86,1574.91,1560.67,1573.37,13544121770
16-02-17,SET,1574.34,1580.34,1573.07,1576.05,10650572700
17-02-17,SET,1578.86,1583.74,1577.26,1577.84,9605691900
20-02-17,SET,1580.46,1581.91,1574.24,1578.47,10880546120
21-02-17,SET,1578.38,1583.31,1564.37,1564.42,11678574050
22-02-17,SET,1567.9,1572.22,1561.71,1572.04,10215361290
23-02-17,SET,1569.98,1570.27,1562.58,1567.32,10902196270
24-02-17,SET,1566.64,1568.43,1561.46,1564.59,10857563810
27-02-17,SET,1560.58,1562.86,1555.52,1558.03,10328926190
28-02-17,SET,1560.81,1563.96,1557.93,1559.56,8812757118
01-03-17,SET,1562.46,1567.36,1559.85,1567.19,8623365236
02-03-17,SET,1571.42,1573.31,1568.42,1569.94,11185930148
03-03-17,SET,1567.83,1569.74,1564.16,1566.2,7788688991
06-03-17,SET,1564.41,1564.89,1550.98,1553.61,8299402830
07-03-17,SET,1552.44,1556.95,1549.09,1549.87,8120584660
08-03-17,SET,1549.29,1551.73,1534.85,1551.73,13942120020
09-03-17,SET,1548.23,1551.2,1544.62,1549.24,9008970260
10-03-17,SET,1547.91,1548.59,1537.23,1539.91,9539843810
13-03-17,SET,1537.08,1538.1,1528.78,1535.51,10258803580
14-03-17,SET,1533.42,1546.01,1531.73,1543.15,11392071578
15-03-17,SET,1542.57,1545.28,1537.47,1540.8,10908176150
16-03-17,SET,1548.56,1559.61,1547.42,1557.05,10882398537
17-03-17,SET,1559.97,1562.82,1554.49,1560.98,9519954350
20-03-17,SET,1564.43,1568.29,1561.79,1563.54,7688031460
21-03-17,SET,1566,1571.74,1564.06,1568.78,8483711540
22-03-17,SET,1561.25,1569.99,1558,1566.66,8639770740
23-03-17,SET,1571.48,1573.25,1567.42,1568.72,6964553740
24-03-17,SET,1569.21,1575.39,1566.6,1573.51,6799243660
27-03-17,SET,1573.67,1576.12,1568.48,1570.5,6538758650
28-03-17,SET,1573.36,1579.59,1572.06,1576.72,7875168090
29-03-17,SET,1575.78,1579.59,1573.06,1574.97,7629300510
30-03-17,SET,1576.18,1584.73,1574.14,1579.88,9291984800
31-03-17,SET,1582.98,1584.96,1574.71,1575.11,9068900380
03-04-17,SET,1578.48,1583.55,1577.78,1580.86,7450274290
04-04-17,SET,1580.53,1586.04,1579.07,1583.82,11658433690
05-04-17,SET,1584.64,1585.46,1577.36,1582.12,7984898470
07-04-17,SET,1580.16,1583.88,1575.44,1583.53,9947280680
10-04-17,SET,1580.96,1583.04,1576.99,1581.19,6508134730
11-04-17,SET,1582.51,1585.93,1579.96,1582.78,6306722590
12-04-17,SET,1584.97,1589.5,1584.4,1589.5,5863451320
17-04-17,SET,1585.78,1585.96,1574.8,1575.91,6429044940
18-04-17,SET,1579.62,1583.78,1574.42,1574.42,7340007020
19-04-17,SET,1573.88,1575.11,1567.03,1567.19,8960819710
20-04-17,SET,1566.7,1572.9,1565.67,1566.28,9976332630
21-04-17,SET,1569.9,1573.39,1567.55,1570.02,8309610780
24-04-17,SET,1571.16,1572.77,1562.2,1564.66,8508527720
25-04-17,SET,1567.5,1569.9,1553.44,1562.27,9226797210
26-04-17,SET,1562.32,1569.1,1559.64,1567.47,9312645700
27-04-17,SET,1566.83,1569.36,1563.58,1566.77,7649778990
28-04-17,SET,1568.56,1569.12,1562.82,1566.32,7154554050
02-05-17,SET,1566.59,1570.07,1563.91,1564.12,6038059040
03-05-17,SET,1565.66,1569.51,1563.2,1564.12,5950880550
04-05-17,SET,1565.77,1574.38,1565.59,1573.05,7136836910
05-05-17,SET,1570.7,1571.8,1563.95,1569.02,6754417360
08-05-17,SET,1568,1571.42,1565.74,1568.02,6513599790
09-05-17,SET,1570.61,1571.08,1557.6,1560.31,9306063990
11-05-17,SET,1562.89,1564.31,1546.81,1550.27,9871565090
12-05-17,SET,1550.12,1550.13,1537.43,1543.94,11054749710
15-05-17,SET,1541.56,1542.11,1531.68,1537.42,11669559140
16-05-17,SET,1537.36,1548.35,1536.48,1546.35,10892884940
17-05-17,SET,1547.51,1552.55,1545.17,1548.29,9378919160
18-05-17,SET,1544.35,1548.6,1541.22,1545.88,7877429380
19-05-17,SET,1547.23,1552.23,1545.23,1549.64,7832787570
22-05-17,SET,1553.67,1560.11,1553.64,1557.73,10609882970
23-05-17,SET,1560.84,1565.61,1558.07,1564.69,7853766280
24-05-17,SET,1565.77,1567.92,1563.49,1566.15,7994373010
25-05-17,SET,1569.07,1571.68,1566.75,1569.41,7466866290
26-05-17,SET,1568.66,1572.66,1566.81,1569.27,8549967360
29-05-17,SET,1569.62,1571.68,1566.3,1568.17,6455155180
30-05-17,SET,1569.84,1572.15,1567.62,1568.57,6979972710
31-05-17,SET,1572.06,1574.44,1558.22,1561.66,8239253010
01-06-17,SET,1562.08,1565.63,1559.51,1563.11,8358210750
02-06-17,SET,1565.09,1570.96,1564.7,1567.6,8011944170
05-06-17,SET,1572.5,1573.13,1562.73,1566.85,8203278990
06-06-17,SET,1568.18,1570.49,1562.85,1568.95,9897552230
07-06-17,SET,1571.14,1573.16,1565.93,1566.58,8456738050
08-06-17,SET,1567.76,1571.78,1563.31,1570.28,10786227130
09-06-17,SET,1571.12,1571.7,1564.53,1566.65,9856353670
12-06-17,SET,1566.85,1569.7,1560.75,1563.81,8097689110
13-06-17,SET,1565.41,1573.32,1564.55,1572.36,8857125520
14-06-17,SET,1574.09,1578.53,1570.7,1577,10041868480
15-06-17,SET,1575.28,1580.52,1573.53,1573.53,10611217330
16-06-17,SET,1576.77,1579.23,1573.15,1576.58,8395742880
19-06-17,SET,1579.74,1583.77,1579.32,1581.14,7346876160
20-06-17,SET,1583.74,1584.15,1577.67,1578.62,7760160030
21-06-17,SET,1577.29,1578.63,1573.7,1577.01,8024897810
22-06-17,SET,1578.26,1583.67,1577.63,1580.91,8759487170
23-06-17,SET,1582.93,1585.41,1581.28,1582.36,9453246870
26-06-17,SET,1585.84,1589.69,1584.28,1585.61,7492239650
27-06-17,SET,1589.47,1591.09,1584.22,1586.45,8173342940
28-06-17,SET,1586.51,1587.85,1580.86,1582.63,6911088560
29-06-17,SET,1586.91,1590.49,1576.94,1578.12,8163617940
30-06-17,SET,1578.19,1580.2,1567.16,1574.74,7860378760
03-07-17,SET,1577.18,1581.64,1575.12,1579.41,6415897740
04-07-17,SET,1582.04,1583,1572.51,1574.11,7504087640
05-07-17,SET,1575.78,1579.28,1573.52,1575.02,6115423370
06-07-17,SET,1575.15,1575.78,1564.05,1569.64,8269771700
07-07-17,SET,1567.7,1570.6,1565.17,1569.44,6473718310
11-07-17,SET,1570.3,1572.02,1564.75,1569.24,6496969910
12-07-17,SET,1572.43,1577.21,1569.93,1574.93,7574256140
13-07-17,SET,1581.43,1584.26,1575.83,1579.41,6586838280
14-07-17,SET,1581.45,1582.23,1574.66,1577.79,5874224510
17-07-17,SET,1581.45,1582.69,1572.61,1574.09,6989233580
18-07-17,SET,1575.35,1577.02,1569.16,1571.52,7456924470
19-07-17,SET,1573.28,1578.06,1572.44,1575.85,7333938111
20-07-17,SET,1576.93,1578.96,1574.71,1575.28,6848397111
21-07-17,SET,1576.9,1579.39,1573.42,1573.51,9030889770
24-07-17,SET,1574.45,1580.19,1573.99,1576.73,7093500510
25-07-17,SET,1578.64,1581.96,1577.32,1581.42,8846732330
26-07-17,SET,1583.52,1586.12,1581.7,1583.17,9939421080
27-07-17,SET,1584.74,1585.27,1578.58,1581.06,9396001180
31-07-17,SET,1582.22,1582.86,1569.79,1576.08,8420164000
01-08-17,SET,1573.92,1579.12,1571.65,1576.45,8313253140
02-08-17,SET,1580.27,1582.59,1577.18,1580.54,8046028840
03-08-17,SET,1580.24,1583.7,1577.93,1578.25,8325532510
04-08-17,SET,1580.4,1582.88,1578.03,1578.26,7459816500
07-08-17,SET,1579.32,1580.47,1573.32,1573.67,6237046090
08-08-17,SET,1575.37,1579.64,1573.21,1577.44,10834045850
09-08-17,SET,1577.95,1578.3,1569.4,1571.51,7494855470
10-08-17,SET,1571.83,1573.11,1566.45,1571.64,8010077720
11-08-17,SET,1567.44,1567.95,1556.22,1561.31,9395659590
15-08-17,SET,1567.41,1572.07,1565.43,1567.19,6429922820
16-08-17,SET,1566.83,1568.64,1562.51,1567.52,6999986470
17-08-17,SET,1568.89,1570.72,1564.75,1568.95,7842858230
18-08-17,SET,1567.17,1568.37,1562.01,1566.53,6188429600
21-08-17,SET,1568.89,1572.11,1567.21,1569.62,6180027560
22-08-17,SET,1571.78,1574.92,1569.75,1573.19,6636474810
23-08-17,SET,1574.9,1576.23,1570.61,1573.38,6814462860
24-08-17,SET,1575.55,1577.98,1572.1,1575.96,7101633980
25-08-17,SET,1576.42,1577.61,1571.13,1575.85,6351199120
28-08-17,SET,1579.09,1589.72,1577.72,1585.79,8716909720
29-08-17,SET,1586.68,1617.73,1585.48,1614.14,13929666240
30-08-17,SET,1617.83,1626.22,1610.45,1613.34,10858845340
31-08-17,SET,1611.53,1616.8,1607.78,1616.16,8743573990
01-09-17,SET,1621.4,1624.37,1617.33,1618.42,8402897070
04-09-17,SET,1618.63,1621.37,1614.3,1619.11,8979164500
05-09-17,SET,1620.7,1623.95,1616.33,1620.42,8628636750
06-09-17,SET,1620.86,1621.42,1615.31,1621.3,9901470690
07-09-17,SET,1623.97,1634.3,1622.34,1632.66,12382976680
08-09-17,SET,1638.81,1647.54,1633.84,1635.61,12180409610
11-09-17,SET,1637.67,1642.88,1634.12,1637.54,10054726430
12-09-17,SET,1641.5,1646.16,1639.14,1643.55,8749918060
13-09-17,SET,1648.04,1652.51,1640.94,1642.94,10604505210
14-09-17,SET,1646.37,1661.6,1643.8,1659.1,11604547800
15-09-17,SET,1659.88,1662.64,1653.41,1660.53,9636912710
18-09-17,SET,1663.34,1678.23,1662.9,1670.2,11069726220
19-09-17,SET,1673.13,1675.14,1663.95,1672.59,12692871880
20-09-17,SET,1671.96,1675.06,1664.33,1670.65,11091453640
21-09-17,SET,1671.29,1676.78,1668.36,1670.49,10227665080
22-09-17,SET,1666.42,1670.29,1658.26,1659.05,11786327330
25-09-17,SET,1660.55,1669.57,1657.78,1667.59,9722729690
26-09-17,SET,1671.81,1674.59,1667.92,1669.75,10361897430
27-09-17,SET,1671.15,1675.44,1663.17,1670.27,10261483790
28-09-17,SET,1672.62,1675.32,1660.29,1666.36,10657869420
29-09-17,SET,1666.3,1676.48,1664.43,1673.16,11346102410
02-10-17,SET,1677.22,1691.13,1676.97,1688.64,12824315850
03-10-17,SET,1691.73,1692.85,1684.38,1689.97,10108692030
04-10-17,SET,1693.92,1698.59,1682.04,1687.77,11786367670
05-10-17,SET,1689.91,1692.95,1685.46,1690.87,11877701160
06-10-17,SET,1696.24,1701.12,1693.79,1695.97,11901665560
09-10-17,SET,1698.73,1700.75,1691.82,1692.22,22299178160
10-10-17,SET,1694.53,1708.35,1687.01,1706.95,15405174610
11-10-17,SET,1714.73,1718.97,1710.76,1714.14,19511468520
12-10-17,SET,1718.06,1719.6,1709.57,1712.48,16597624050
16-10-17,SET,1719.67,1728.62,1719.12,1726.67,16933111020
17-10-17,SET,1726.29,1729.8,1719.26,1724.47,11919381190
18-10-17,SET,1723.43,1723.61,1707.53,1707.53,12323966280
19-10-17,SET,1707.7,1712.52,1681,1683.43,14095492760
20-10-17,SET,1674.11,1696.5,1673.01,1692.58,11052411309
24-10-17,SET,1694.33,1706,1693.03,1701.81,9056881880
25-10-17,SET,1708.37,1711.58,1704.97,1708.84,8900467720
27-10-17,SET,1712.28,1721.88,1712.02,1716.03,9740698631
30-10-17,SET,1720.12,1723.04,1704.17,1718.66,10588357670
31-10-17,SET,1721.02,1726.52,1717.63,1721.37,10082561740
01-11-17,SET,1728.8,1729.64,1713.7,1714.55,11803324660
02-11-17,SET,1714.62,1716.22,1701.93,1701.93,11787803490
03-11-17,SET,1707.02,1707.87,1696.66,1701.47,10367286480
06-11-17,SET,1703.17,1713.08,1695.67,1711.74,9836551270
07-11-17,SET,1716.26,1721.08,1711.29,1712.75,10403856120
08-11-17,SET,1714.3,1718.7,1709.81,1714.65,11197655900
09-11-17,SET,1718.02,1718.74,1702.14,1703.03,9670784560
10-11-17,SET,1702.92,1704.51,1688.77,1689.28,10441098380
13-11-17,SET,1686.89,1690.78,1680.53,1687.05,10231012110
14-11-17,SET,1688.96,1704.82,1684.82,1702.63,11713764780
15-11-17,SET,1700.05,1701.01,1688.65,1690.26,11001064700
16-11-17,SET,1692.79,1699.85,1691.17,1691.25,11528882740
17-11-17,SET,1701.48,1711.49,1697.65,1709.38,9735666320
20-11-17,SET,1715.02,1718.29,1711.39,1714.38,9648574220
21-11-17,SET,1716.74,1718.8,1707.31,1710.48,9409272950
22-11-17,SET,1715.29,1722.45,1713.12,1713.13,10390860280
23-11-17,SET,1716.47,1719,1707.33,1707.38,8976563720
24-11-17,SET,1707.8,1710.78,1691.45,1695.84,10278332180
27-11-17,SET,1693.99,1699.71,1687.43,1695.67,9470021240
28-11-17,SET,1696.06,1706.55,1695.84,1706.52,8120167560
29-11-17,SET,1710.33,1715.41,1705,1705.33,9059636340
30-11-17,SET,1702.54,1708.42,1691.8,1697.39,9743115220
01-12-17,SET,1704.2,1705.97,1696.46,1699.65,9074642480
04-12-17,SET,1704.7,1706.48,1692.45,1697.61,7957776610
06-12-17,SET,1694.96,1696.63,1686.02,1694.39,10620979180
07-12-17,SET,1693.81,1703.51,1690.44,1703.37,8866998400
08-12-17,SET,1706.69,1712.49,1704.07,1706.52,10678015180
12-12-17,SET,1709.54,1710.8,1699.98,1702.17,8381947110
13-12-17,SET,1704.01,1708.7,1702.58,1706.93,8367177300
14-12-17,SET,1709.52,1716.14,1707.49,1714.99,8155618060
15-12-17,SET,1713.26,1717.69,1709.16,1717.69,8341906950
18-12-17,SET,1720.41,1727.07,1717.33,1723.71,7734799660
19-12-17,SET,1727.22,1736.83,1726.82,1732.31,10452593680
20-12-17,SET,1734.45,1739.29,1728.81,1738.16,9516609310
21-12-17,SET,1739.54,1742.04,1734.73,1736.91,7658005520
22-12-17,SET,1739.06,1744.21,1736.26,1742.08,6739034840
25-12-17,SET,1745.64,1752.82,1744.34,1750.22,6274200880
26-12-17,SET,1751.05,1754.68,1743.27,1752.48,7939517530
27-12-17,SET,1756.16,1763.36,1751.98,1752.89,9975347720
28-12-17,SET,1755.55,1756.64,1734.7,1743.29,9174353180
29-12-17,SET,1747.58,1753.73,1745.77,1753.71,6909900140
03-01-18,SET,1759.61,1779.55,1758.07,1778.53,12689598430
04-01-18,SET,1786.64,1791.39,1779.28,1791.02,13110706090
05-01-18,SET,1793.89,1803.93,1787.34,1795.45,12718090310
08-01-18,SET,1799.59,1813.17,1792.81,1792.81,12087638500
09-01-18,SET,1795.89,1798.69,1784.75,1795.21,13874914620
10-01-18,SET,1803.14,1807.09,1791.82,1794.92,13491424570
11-01-18,SET,1795.08,1804.54,1786.47,1802.8,11604700150
12-01-18,SET,1810.13,1816.81,1808.53,1810.19,10683974680
15-01-18,SET,1819.24,1830.68,1818.51,1822.66,14124123820
16-01-18,SET,1829.09,1831.45,1816.9,1821.83,11258328770
17-01-18,SET,1819.13,1828.93,1816.06,1828.88,10172610740
18-01-18,SET,1836.35,1837.92,1819.18,1819.32,11953138660
19-01-18,SET,1815.2,1821.34,1803.55,1821.34,12175588520
22-01-18,SET,1819.14,1827.29,1815.13,1824.06,10269036010
23-01-18,SET,1830.92,1836.68,1825.07,1831.78,14008153000
24-01-18,SET,1830.67,1841.21,1829.08,1838.96,12080399726
25-01-18,SET,1843.27,1848.07,1819.29,1819.29,12172142086
26-01-18,SET,1819.45,1829.07,1806.13,1828.88,13326503860
29-01-18,SET,1835.9,1839.85,1831.15,1837.49,10343685050
30-01-18,SET,1834.37,1835.59,1821.4,1826.61,10948656190
31-01-18,SET,1820.35,1834.26,1819.5,1826.86,10757989560
01-02-18,SET,1833.53,1837.86,1830.55,1833.6,10696158770
02-02-18,SET,1838.98,1841.94,1822.72,1827.35,10925194570
05-02-18,SET,1798.42,1813.94,1796.93,1810.32,12664111560
06-02-18,SET,1775.42,1792.17,1758.31,1788.43,17556233570
07-02-18,SET,1801.94,1804.75,1782.94,1785.44,11263793390
08-02-18,SET,1787.24,1796.07,1781.18,1786.66,9393238210
09-02-18,SET,1767.31,1788.01,1766.82,1786.45,11577836980
12-02-18,SET,1790,1799.45,1786.25,1799.45,9112162180
13-02-18,SET,1804.64,1806.11,1797.29,1800.03,9704808090
14-02-18,SET,1805.68,1806.78,1792,1792.09,9839832930
15-02-18,SET,1799.69,1801.95,1790.8,1800.86,8694598220
16-02-18,SET,1804.6,1809.75,1802.39,1805.89,6893767570
19-02-18,SET,1812.36,1819.36,1809.14,1809.67,9526422830
20-02-18,SET,1811.16,1815.33,1801.02,1801.02,8519863790
21-02-18,SET,1812.49,1814.83,1797.79,1801.16,12099482440
22-02-18,SET,1801.08,1808.58,1787.7,1788.63,16028199260
23-02-18,SET,1792.83,1809.3,1790.28,1808.06,19007127100
26-02-18,SET,1811.54,1834.21,1809.33,1834.18,11054907890
27-02-18,SET,1842.92,1852.51,1830.03,1830.39,15918225890
28-02-18,SET,1828.62,1840.06,1825.67,1830.13,12069745250
02-03-18,SET,1821.17,1825.63,1806.84,1811.98,10595836650
05-03-18,SET,1812.27,1817.08,1792.14,1808.89,13921647870
06-03-18,SET,1812.27,1817.93,1795.34,1799.06,13784685590
07-03-18,SET,1797.04,1798.13,1780.12,1781.64,14634057500
08-03-18,SET,1785.44,1794.18,1772.79,1778.9,12928135770
09-03-18,SET,1784.88,1786.43,1761.63,1775.37,13753121460
12-03-18,SET,1789.16,1800.33,1784.39,1800.32,11133968110
13-03-18,SET,1797.8,1809.9,1793.78,1809.9,14744536470
14-03-18,SET,1805.22,1817.36,1803.6,1813.4,14923060230
15-03-18,SET,1815.12,1820.51,1809.94,1816.08,12414145160
16-03-18,SET,1813,1818.53,1809.41,1811.76,11820612960
19-03-18,SET,1812.33,1812.94,1797.58,1799.79,10514607770
20-03-18,SET,1793.62,1803.84,1793.09,1799.84,9553660000
21-03-18,SET,1806.92,1808.85,1796.35,1801.43,9943229970
22-03-18,SET,1809,1813.64,1796.75,1798.55,10247582650
23-03-18,SET,1780.88,1794.21,1779.73,1794.21,10877221800
26-03-18,SET,1797.27,1801.5,1792.99,1801.1,7923129340
27-03-18,SET,1807.79,1810.53,1799.88,1802.58,10512607350
28-03-18,SET,1797.84,1802.71,1782.07,1784.99,10546236510
29-03-18,SET,1783.72,1789,1756.62,1766.92,12447920970
30-03-18,SET,1774.34,1777.06,1753.93,1776.26,13025529370
02-04-18,SET,1774.72,1783.73,1771.58,1782.28,9089272850
03-04-18,SET,1773.7,1779.04,1764.18,1765.24,11079552250
04-04-18,SET,1767.46,1771.58,1724.9,1724.98,17115141560
05-04-18,SET,1735.74,1740.84,1724.88,1739.92,12908657680
09-04-18,SET,1737.08,1752.91,1735.38,1751.27,11428266520
10-04-18,SET,1757,1761.76,1744.73,1760.95,11310386890
11-04-18,SET,1763.31,1770.47,1756.4,1763.22,10382143940
12-04-18,SET,1764.2,1770.01,1757.76,1767.17,9070838110
17-04-18,SET,1766.82,1768.38,1752.43,1755.53,9349605240
18-04-18,SET,1761.83,1772.27,1760.67,1771.56,10749991370
19-04-18,SET,1778.2,1795.3,1776.81,1794.94,13705339500
20-04-18,SET,1797.31,1805.73,1787.95,1801.28,12670590860
23-04-18,SET,1800.78,1805.78,1789.02,1790.14,12341878890
24-04-18,SET,1796.5,1803.21,1784.48,1788.2,13645466050
25-04-18,SET,1781.28,1787,1772.35,1779.52,12475147920
26-04-18,SET,1780.01,1785.28,1770.34,1773.2,11714365420
27-04-18,SET,1777.38,1779.8,1767.12,1778.02,11069069610
30-04-18,SET,1782.1,1784.5,1776.94,1780.11,9936933980
02-05-18,SET,1777.27,1791.14,1771.65,1791.13,11082936070
03-05-18,SET,1786.55,1797.56,1786,1790.8,12275402040
04-05-18,SET,1786.87,1792.22,1777.1,1779.87,11943747350
07-05-18,SET,1785.65,1789.77,1776.32,1779.8,9977200050
08-05-18,SET,1780.49,1782.08,1756.72,1760.25,13720191240
09-05-18,SET,1761.19,1763.25,1751.22,1756.9,12670640820
10-05-18,SET,1762.33,1763.06,1744.55,1746.89,12550259410
11-05-18,SET,1749.94,1765.94,1746.03,1765.93,22326695250
14-05-18,SET,1770.32,1774.82,1767.23,1773.1,15512005610
15-05-18,SET,1773.41,1774.71,1759.22,1766.86,15128520160
16-05-18,SET,1757.9,1761.06,1747.32,1750.62,13968970370
17-05-18,SET,1752.24,1757.97,1745.45,1751.2,14037148900
18-05-18,SET,1752.57,1755.53,1745.9,1754.17,11684793990
21-05-18,SET,1761.04,1770.13,1758.47,1768.31,12154953870
22-05-18,SET,1769.23,1771.16,1754.82,1760.71,12234712620
23-05-18,SET,1756.2,1761.61,1747.75,1753.6,24691256890
24-05-18,SET,1747.17,1751.04,1729.95,1732.51,14240503580
25-05-18,SET,1735.95,1741.23,1725.06,1741.21,12345503810
28-05-18,SET,1735.81,1738.92,1729.66,1734.54,11840753870
30-05-18,SET,1717.5,1726.65,1711.73,1725.14,15882893680
31-05-18,SET,1730.02,1734.28,1720.31,1726.97,16041815000
01-06-18,SET,1726.85,1729.88,1714.62,1719.82,16834641130
04-06-18,SET,1718.92,1724.71,1715.82,1721.29,14995817350
05-06-18,SET,1722.38,1734.32,1710.81,1732.71,15586195530
06-06-18,SET,1737.23,1744.48,1731.98,1738.7,12705276090
07-06-18,SET,1743.63,1746.5,1733.01,1733.05,11526325950
08-06-18,SET,1735.78,1736,1721.88,1722.04,10466738470
11-06-18,SET,1723.8,1727.63,1716.25,1723.11,9196138610
12-06-18,SET,1725.91,1735.84,1724.71,1727.29,13788908690
13-06-18,SET,1726.47,1728.54,1716.38,1718.34,10213476980
14-06-18,SET,1714.52,1715.65,1699.66,1709.86,12043895900
15-06-18,SET,1706.52,1711.4,1695.39,1704.82,12041099130
18-06-18,SET,1694.24,1695.44,1679.48,1679.68,10294491720
19-06-18,SET,1667.47,1674.28,1633.72,1639.54,16028558230
20-06-18,SET,1647.22,1665.27,1640.13,1664.26,11881476090
21-06-18,SET,1663.63,1664.97,1629.26,1634.44,12472417860
22-06-18,SET,1641.58,1648.74,1628.16,1634.98,12834216250
25-06-18,SET,1641.02,1646.37,1621.12,1622.28,10432709620
26-06-18,SET,1615.79,1629.02,1608.24,1623.98,11335288960
27-06-18,SET,1631.39,1638.73,1615.38,1618.66,12532758490
28-06-18,SET,1623.67,1624.97,1599.44,1599.54,14053400790
29-06-18,SET,1604.51,1609.86,1584.68,1595.58,13846170580
02-07-18,SET,1597.01,1607.41,1586.34,1607.27,12098310860
03-07-18,SET,1607.2,1628.3,1600.71,1626.62,15296917510
04-07-18,SET,1625.17,1632.43,1615.9,1629.2,14475618630
05-07-18,SET,1626.78,1628.79,1596.55,1601.42,13751129980
06-07-18,SET,1598.76,1618.36,1587.94,1614.76,15559366670
09-07-18,SET,1626.11,1629.21,1620.92,1622.96,10823261100
10-07-18,SET,1629.01,1643.76,1617.51,1643.6,13393362530
11-07-18,SET,1631.63,1641.34,1628.03,1636.63,11550676020
12-07-18,SET,1634.73,1646.12,1633.53,1640.93,12133558090
13-07-18,SET,1645.33,1649.66,1639.49,1643.52,10420506270
16-07-18,SET,1638.35,1640.74,1623.42,1627.69,9962162700
17-07-18,SET,1624.68,1629.18,1616.59,1626.07,11194684250
18-07-18,SET,1632.17,1638.52,1630.04,1635.85,10143319060
19-07-18,SET,1641.22,1650.85,1637.2,1646.89,10075842820
20-07-18,SET,1651.36,1674.32,1648.44,1671.06,15743060120
23-07-18,SET,1672.11,1681.74,1665.92,1675.75,12533852440
24-07-18,SET,1684.2,1686.81,1667.95,1674.22,14042707690
25-07-18,SET,1678.63,1695.2,1678.09,1690.08,14299559390
26-07-18,SET,1700.53,1702.3,1689.69,1701.87,11820120670
27-07-18,SET,1700.53,1702.3,1689.69,1701.87,11820120670
30-07-18,SET,1700.53,1702.3,1689.69,1701.87,11820120670
31-07-18,SET,1704.04,1709.58,1695.59,1701.79,12263868020
01-08-18,SET,1705.48,1722.72,1703.39,1722.01,12957787650
02-08-18,SET,1716.33,1718.41,1700.69,1708.28,13442635840
03-08-18,SET,1708.19,1715.48,1706.54,1712.09,12004285260
06-08-18,SET,1718,1721.05,1694.98,1696.24,13139778890
07-08-18,SET,1701.01,1710.75,1692.01,1707.26,12788554550
08-08-18,SET,1709.16,1723.5,1707.59,1721.64,13341865940
09-08-18,SET,1722.69,1729.42,1716.9,1722.48,11956594110
10-08-18,SET,1718.5,1719.03,1705.2,1705.96,13789730610
14-08-18,SET,1692.77,1697.06,1684,1695.35,13085134120
15-08-18,SET,1688.64,1690.24,1673.77,1676.29,14452654940
16-08-18,SET,1673.33,1682.43,1664.9,1680.96,14191137310
17-08-18,SET,1688.01,1694.39,1687.03,1690.04,11990339640
20-08-18,SET,1698.97,1705.33,1693.9,1701.42,11129407370
21-08-18,SET,1703.82,1707.63,1688.59,1694.63,12457553210
22-08-18,SET,1695.94,1705.91,1695.34,1698.3,10511563740
23-08-18,SET,1705.63,1709.9,1701.3,1704.8,9909468290
24-08-18,SET,1701.31,1704.59,1697.59,1703.82,19837278050
27-08-18,SET,1710.04,1717.45,1708.94,1717.24,10287720460
28-08-18,SET,1723.96,1728.22,1716.57,1718.15,10236381800
29-08-18,SET,1721.36,1723.03,1714.14,1722.26,9492841120
30-08-18,SET,1726.28,1730.65,1720.41,1720.43,12026443630
31-08-18,SET,1714.48,1721.99,1712.92,1721.58,13723763360
03-09-18,SET,1721.94,1726.3,1718.87,1721.21,9891925390
04-09-18,SET,1722.56,1724.86,1713.96,1714.41,12018196100
05-09-18,SET,1709.26,1711.37,1685.95,1686.37,13137234170
06-09-18,SET,1685.38,1694.05,1676.67,1693.94,13022545490
07-09-18,SET,1687.95,1694.56,1683.58,1689.49,9746734820
10-09-18,SET,1686.78,1692.16,1680.5,1691.51,10781234900
11-09-18,SET,1690.65,1694.86,1672.4,1672.42,12262536270
12-09-18,SET,1672.04,1680.54,1666.07,1679.39,17222981460
13-09-18,SET,1691.04,1723.48,1690.84,1717.96,18816565410
14-09-18,SET,1724.83,1727.83,1718.11,1722.21,13604650530
17-09-18,SET,1717.99,1725.03,1711.57,1718.39,13539489940
18-09-18,SET,1718.49,1748.76,1716.75,1744.42,18571738160
19-09-18,SET,1749.63,1762.72,1747.47,1749.8,21990584620
20-09-18,SET,1757.42,1762.17,1749.72,1752.11,20670332330
21-09-18,SET,1758.8,1766.62,1753.32,1756.12,18372364230
24-09-18,SET,1751.29,1759.51,1748.52,1749.42,12967775550
25-09-18,SET,1753.66,1756.85,1745.73,1747.99,12141995990
26-09-18,SET,1752.52,1755.57,1746.99,1749.93,11115071180
27-09-18,SET,1751.7,1753.16,1735.58,1752.95,14091020880
28-09-18,SET,1757.6,1758.95,1751.09,1756.41,11257136900
01-10-18,SET,1762.3,1765.06,1757.74,1760.47,12268114320
02-10-18,SET,1757.33,1762.24,1746.06,1748.09,15101511200
03-10-18,SET,1753.79,1757.43,1741.96,1741.96,13811037200
04-10-18,SET,1735.74,1740.59,1720.13,1729.4,14671769480
05-10-18,SET,1726.41,1732.36,1718.12,1720.52,11973012670
08-10-18,SET,1719.71,1728.24,1696.2,1696.22,17408450560
09-10-18,SET,1699.99,1708.72,1690.92,1696.92,14114857700
10-10-18,SET,1709.34,1721.82,1707.63,1721.82,12721899320
11-10-18,SET,1679.27,1688.63,1673.59,1682.89,16931635450
12-10-18,SET,1690.28,1699.6,1688.44,1696.16,10378859820
16-10-18,SET,1697.56,1701.57,1689.83,1697.87,10042763780
17-10-18,SET,1708.09,1710.39,1695.04,1695.04,11130139620
18-10-18,SET,1692.15,1694.67,1681.24,1682.91,12807393470
19-10-18,SET,1680.12,1681.92,1664.09,1667.91,14603821220
22-10-18,SET,1669.82,1674.25,1654.9,1658.56,12751322810
24-10-18,SET,1641.61,1647.9,1618.82,1623.37,18451598470
25-10-18,SET,1605.91,1645.91,1596.4,1644.33,20309007560
26-10-18,SET,1637.48,1639.67,1625.33,1628.96,13383466680
29-10-18,SET,1632.26,1645.98,1630.73,1636.88,11618896540
30-10-18,SET,1638.83,1645.31,1633.73,1638.51,11270510810
31-10-18,SET,1651.07,1669.27,1649.27,1669.09,13487179050
01-11-18,SET,1672.14,1674.87,1660.11,1667.55,15043788460
02-11-18,SET,1675.09,1687.76,1672.09,1681.84,15333008800
05-11-18,SET,1670.46,1673.01,1666.5,1670.58,9698363220
06-11-18,SET,1677.45,1684.44,1669.22,1669.33,10605732830
07-11-18,SET,1673.65,1676.09,1656.51,1675.33,15121683020
08-11-18,SET,1685.29,1688.9,1681.25,1681.73,11756204690
09-11-18,SET,1675.84,1677.51,1664.85,1668.52,11114319490
12-11-18,SET,1672.85,1673.42,1654.8,1654.85,10121678690
13-11-18,SET,1645.42,1664.51,1642.83,1659.78,15353923060
14-11-18,SET,1655.09,1660.74,1646.24,1652.3,11813591840
15-11-18,SET,1656.6,1658.02,1638.67,1638.83,12749028560
16-11-18,SET,1640.47,1646.46,1632.94,1635,11409319840
19-11-18,SET,1634.1,1640.53,1630.96,1636.48,9534590760
20-11-18,SET,1631.81,1632.23,1610.18,1612.03,11186651060
21-11-18,SET,1603.73,1622.14,1598.57,1617.33,13554625140
22-11-18,SET,1616.95,1622.01,1603,1604.4,10357023930
23-11-18,SET,1607.11,1623.01,1600.63,1622.1,11999167430
26-11-18,SET,1621.99,1631.74,1616.97,1630.77,10545894070
27-11-18,SET,1630.08,1636.89,1627.54,1634.27,14990421220
28-11-18,SET,1636.59,1644.27,1635.37,1640.63,9868287800
29-11-18,SET,1646.62,1650.69,1635.19,1636.49,10439642000
30-11-18,SET,1640.7,1647.89,1633.44,1641.8,10155182160
03-12-18,SET,1662.15,1675.43,1660.05,1672.61,12969104370
04-12-18,SET,1674.53,1677.99,1669.1,1672.32,10596093590
06-12-18,SET,1653.09,1658.64,1649.23,1653.73,10941842810
07-12-18,SET,1656.11,1659.45,1648.33,1649.99,10340423070
11-12-18,SET,1646.87,1647.88,1633.11,1633.62,12195502900
12-12-18,SET,1642.42,1644.9,1632.34,1634.88,9590322600
13-12-18,SET,1638.96,1642.2,1612.91,1614.99,12404895570
14-12-18,SET,1613.23,1620.6,1602.42,1609.45,12610007240
17-12-18,SET,1612.87,1615.63,1593.37,1601.48,14313967790
18-12-18,SET,1594.1,1595.32,1580.58,1583.19,11974275450
19-12-18,SET,1582.58,1601.17,1578.64,1601.12,13695462750
20-12-18,SET,1594.86,1599.2,1583.11,1596.1,11519731860
21-12-18,SET,1588.99,1601.58,1586.35,1595.33,12791232660
24-12-18,SET,1589.69,1599.89,1588.56,1591.29,9808334610
25-12-18,SET,1576.4,1576.75,1555,1556.65,11277719340
26-12-18,SET,1556.95,1562,1548.99,1556.93,11266108890
27-12-18,SET,1582.22,1585.77,1546.62,1548.37,13739933780
28-12-18,SET,1550.87,1564.02,1549.7,1563.88,10425995790
02-01-19,SET,1567.09,1575.22,1563.66,1565.94,10194862850
03-01-19,SET,1571.48,1578.17,1556.77,1560.03,11329467540
04-01-19,SET,1559.63,1575.13,1550.22,1575.13,13893005590
07-01-19,SET,1585.24,1596.97,1582.69,1592.72,11990774458
08-01-19,SET,1594.47,1597.35,1587.47,1594,10794047354
09-01-19,SET,1604.21,1609.39,1587.53,1590.5,11737765900
10-01-19,SET,1590.07,1599.1,1579.2,1587.63,14417523520
11-01-19,SET,1591.21,1597.18,1586.93,1597.04,12091928300
14-01-19,SET,1592.58,1594.06,1580.56,1582.57,12264663660
15-01-19,SET,1587.17,1590.15,1574.37,1577,12266124640
16-01-19,SET,1581.37,1582.44,1565.48,1577.41,16490984280
17-01-19,SET,1578.14,1586.88,1576.84,1580.3,12517926440
18-01-19,SET,1585.07,1588.75,1577.86,1583.77,12078308440
21-01-19,SET,1586.72,1595.16,1585.24,1588.38,11685993530
22-01-19,SET,1587.82,1601.8,1586.19,1601.77,12678179350
23-01-19,SET,1601.72,1620.51,1600.35,1617.38,17194402750
24-01-19,SET,1619.12,1628.21,1614.56,1620.53,14532159760
25-01-19,SET,1625.59,1628.62,1617.78,1623.62,13251269410
28-01-19,SET,1627.71,1634.7,1622.58,1625.03,12346744700
29-01-19,SET,1623,1625.36,1616.45,1624.05,12733797270
30-01-19,SET,1626.55,1632.83,1622.59,1632.6,11903500850
31-01-19,SET,1640.34,1649.85,1639.9,1641.73,13667881470
01-02-19,SET,1644.61,1655.34,1642.24,1651.4,12020757000
04-02-19,SET,1655.42,1659.26,1652.14,1653.62,9646204900
05-02-19,SET,1653.53,1654.98,1645.57,1653.09,8180930100
06-02-19,SET,1655.14,1663.49,1653,1658.71,11172064740
